Pos,Team,Pld,W,D,L,GF,GA,GD,Pts,Qualification or relegation,season
1,Torino,38,28,7,3,104,35,+69,63,,1946/47
2,Juventus,38,22,9,7,83,38,+45,53,,1946/47
3,Modena,38,21,9,8,45,24,+21,51,,1946/47
4,Milan,38,19,12,7,75,52,+23,50,,1946/47
5,Bologna,38,15,9,14,42,41,+1,39,,1946/47
5,Vicenza,38,16,7,15,53,57,−4,39,,1946/47
7,Bari,38,16,6,16,33,48,−15,38,,1946/47
8,Napoli,38,14,9,15,50,59,−9,37,,1946/47
9,Atalanta,38,11,15,12,40,52,−12,37,,1946/47
10,Inter Milan,38,13,10,15,59,54,+5,36,,1946/47
10,Sampdoria,38,14,8,16,56,52,+4,36,,1946/47
10,Genoa,38,13,10,15,53,53,0,36,,1946/47
10,Lazio,38,12,12,14,56,56,0,36,,1946/47
14,Alessandria,38,13,9,16,59,60,−1,35,,1946/47
15,Livorno,38,9,15,14,49,55,−6,33,,1946/47
15,Roma,38,12,9,17,41,56,−15,33,,1946/47
17,Fiorentina,38,10,12,16,46,69,−23,32,,1946/47
18,Brescia,38,10,11,17,45,58,−13,31,Relegation to Serie B,1946/47
19,Venezia,38,10,7,21,43,66,−23,27,Relegation to Serie B,1946/47
20,Triestina,38,5,8,25,32,79,−47,18,Readmitted[a],1946/47
1,Torino,40,29,7,4,125,33,+92,65,,1947/48
2,Milan,40,21,7,12,76,48,+28,49,,1947/48
3,Juventus,40,19,11,10,74,48,+26,49,,1947/48
4,Triestina,40,17,15,8,51,42,+9,49,,1947/48
5,Atalanta,40,16,12,12,48,41,+7,44,,1947/48
5,Modena,40,16,12,12,45,40,+5,44,,1947/48
7,Fiorentina,40,18,5,17,49,55,−6,41,,1947/48
8,Pro Patria,40,17,6,17,65,66,−1,40,,1947/48
8,Bologna,40,14,12,14,51,52,−1,40,,1947/48
10,Lazio,40,13,13,14,54,55,−1,39,,1947/48
11,Bari,40,14,10,16,38,60,−22,38,,1947/48
12,Inter Milan,40,16,5,19,67,60,+7,37,,1947/48
12,Genoa,40,15,7,18,68,65,+3,37,,1947/48
14,Sampdoria,40,13,10,17,68,63,+5,36,,1947/48
14,Livorno,40,11,14,15,45,62,−17,36,,1947/48
14,Lucchese,40,12,12,16,46,82,−36,36,,1947/48
17,Roma,40,13,9,18,54,69,−15,35,,1947/48
18,Napoli,40,12,10,18,50,46,+4,34,Relegation to Serie B,1947/48
19,Salernitana,40,13,8,19,46,63,−17,34,Relegation to Serie B,1947/48
20,Alessandria,40,11,9,20,49,75,−26,31,Relegation to Serie B,1947/48
21,Vicenza,40,10,6,24,31,75,−44,26,Relegation to Serie B,1947/48
1,Torino,38,25,10,3,78,34,+44,60,1949 Latin Cup,1948/49
2,Inter Milan,38,22,11,5,85,39,+46,55,,1948/49
3,Milan,38,21,8,9,83,52,+31,50,,1948/49
4,Juventus,38,18,8,12,64,47,+17,44,,1948/49
5,Sampdoria,38,16,9,13,74,63,+11,41,,1948/49
5,Bologna,38,11,18,9,53,46,+7,40,,1948/49
7,Genoa,38,14,12,12,51,51,0,40,,1948/49
8,Lucchese,38,14,10,14,55,55,0,38,,1948/49
8,Triestina,38,13,12,13,59,59,0,38,,1948/49
8,Fiorentina,38,15,8,15,51,60,−9,38,,1948/49
11,Palermo,38,14,8,16,57,58,−1,36,,1948/49
11,Padova,38,12,12,14,45,64,−19,36,,1948/49
13,Lazio,38,11,12,15,60,62,−2,34,,1948/49
14,Roma,38,12,8,18,47,57,−10,32,,1948/49
15,Novara,38,12,7,19,52,74,−22,31,,1948/49
15,Atalanta,38,11,9,18,40,58,−18,31,,1948/49
17,Pro Patria,38,11,8,19,51,61,−10,30,,1948/49
17,Bari,38,10,10,18,30,50,−20,30,,1948/49
19,Modena,38,9,11,18,36,49,−13,29,Relegation to Serie B,1948/49
20,Livorno,38,9,8,21,39,71,−32,26,Relegation to Serie B,1948/49
1,Juventus,38,28,6,4,100,43,+57,62,[1],1949/50
2,Milan,38,27,3,8,118,45,+73,57,,1949/50
3,Inter Milan,38,21,7,10,99,60,+39,49,,1949/50
4,Lazio,38,18,10,10,67,43,+24,46,Qualified for the 1950 Latin Cup,1949/50
5,Fiorentina,38,18,8,12,76,57,+19,44,,1949/50
6,Torino,38,17,7,14,80,76,+4,41,,1949/50
6,Como,38,15,11,12,59,59,0,41,,1949/50
8,Atalanta,38,17,6,15,66,60,+6,40,,1949/50
8,Triestina,38,14,12,12,50,59,−9,40,,1949/50
10,Padova,38,13,9,16,61,65,−4,35,,1949/50
11,Pro Patria,38,11,12,15,50,61,−11,34,,1949/50
11,Genoa,38,13,8,17,45,64,−19,34,,1949/50
13,Sampdoria,38,13,7,18,62,70,−8,33,,1949/50
13,Palermo,38,13,7,18,47,64,−17,33,,1949/50
15,Bologna,38,8,16,14,54,63,−9,32,,1949/50
15,Lucchese,38,11,10,17,65,79,−14,32,,1949/50
17,Novara,38,11,9,18,51,64,−13,31,,1949/50
17,Roma,38,12,7,19,52,70,−18,31,,1949/50
19,Bari,38,11,7,20,38,74,−36,29,Relegation to Serie B,1949/50
20,Venezia,38,5,6,27,25,89,−64,16,Relegation to Serie B,1949/50
1,Milan,38,26,8,4,107,39,+68,60,1951 Latin Cup,1950/51
2,Inter Milan,38,27,5,6,107,43,+64,59,,1950/51
3,Juventus,38,23,8,7,103,44,+59,54,,1950/51
4,Lazio,38,18,10,10,64,50,+14,46,,1950/51
5,Fiorentina,38,18,8,12,52,42,+10,44,,1950/51
6,Napoli,38,15,11,12,57,52,+5,41,,1950/51
6,Bologna,38,16,9,13,61,59,+2,41,,1950/51
8,Como,38,18,4,16,56,66,−10,40,,1950/51
9,Udinese,38,11,13,14,46,61,−15,35,,1950/51
10,Palermo,38,14,6,18,59,67,−8,34,,1950/51
10,Pro Patria,38,14,6,18,47,74,−27,34,,1950/51
12,Novara,38,13,7,18,56,67,−11,33,,1950/51
12,Sampdoria,38,12,9,17,51,76,−25,33,,1950/51
14,Atalanta,38,10,12,16,48,69,−21,32,,1950/51
15,Lucchese,38,11,8,19,44,53,−9,30,,1950/51
15,Triestina,38,10,10,18,45,67,−22,30,,1950/51
15,Torino,38,9,12,17,46,69,−23,30,,1950/51
18,Padova,38,12,5,21,49,68,−19,29,,1950/51
19,Roma,38,10,8,20,48,54,−6,28,Relegation to Serie B,1950/51
20,Genoa,38,9,9,20,46,72,−26,27,Relegation to Serie B,1950/51
1,Juventus,38,26,8,4,98,34,+64,60,1952 Latin Cup,1951/52
2,Milan,38,20,13,5,87,41,+46,53,,1951/52
3,Inter Milan,38,21,7,10,86,49,+37,49,,1951/52
4,Fiorentina,38,17,9,12,52,38,+14,43,,1951/52
4,Lazio,38,15,13,10,60,49,+11,43,,1951/52
6,Napoli,38,17,8,13,64,44,+20,42,,1951/52
7,Sampdoria,38,16,9,13,48,40,+8,41,,1951/52
8,Novara,38,16,8,14,62,62,0,40,,1951/52
9,SPAL,38,12,13,13,52,50,+2,37,,1951/52
9,Pro Patria,38,12,13,13,47,62,−15,37,,1951/52
11,Palermo,38,11,14,13,43,51,−8,36,,1951/52
12,Atalanta,38,13,8,17,54,61,−7,34,,1951/52
12,Como,38,15,4,19,53,70,−17,34,,1951/52
12,Udinese,38,11,12,15,43,62,−19,34,,1951/52
12,Torino,38,12,10,16,39,58,−19,34,,1951/52
16,Bologna,38,11,11,16,45,55,−10,33,,1951/52
17,Triestina,38,11,10,17,47,68,−21,32,Qualification play-offs,1951/52
18,Lucchese,38,11,10,17,39,49,−10,32,Serie B after tie-breaker,1951/52
19,Padova,38,10,9,19,45,73,−28,29,Relegation to Serie B,1951/52
20,Legnano,38,4,9,25,37,85,−48,17,Relegation to Serie B,1951/52
1,Inter Milan,34,19,9,6,46,24,+22,47,,1952/53
2,Juventus,34,18,9,7,73,40,+33,45,,1952/53
3,Milan,34,17,9,8,64,34,+30,43,Qualified for the 1953 Latin Cup,1952/53
4,Napoli,34,15,11,8,53,43,+10,41,,1952/53
5,Bologna,34,16,7,11,52,43,+9,39,,1952/53
6,Roma,34,13,10,11,50,44,+6,36,,1952/53
7,Fiorentina,34,11,11,12,31,47,−16,33,,1952/53
8,SPAL,34,8,16,10,40,37,+3,32,,1952/53
8,Atalanta,34,10,12,12,52,53,−1,32,,1952/53
10,Torino,34,11,9,14,47,50,−3,31,,1952/53
10,Lazio,34,12,7,15,38,44,−6,31,,1952/53
10,Sampdoria,34,9,13,12,37,43,−6,31,,1952/53
10,Novara,34,11,9,14,43,52,−9,31,,1952/53
10,Udinese,34,10,11,13,42,55,−13,31,,1952/53
15,Triestina,34,10,10,14,47,54,−7,30,,1952/53
15,Palermo,34,10,10,14,43,56,−13,30,,1952/53
17,Como,34,11,5,18,32,44,−12,27,Relegation to Serie B,1952/53
18,Pro Patria,34,7,8,19,40,67,−27,22,Relegation to Serie B,1952/53
1,Inter Milan,34,20,11,3,67,32,+35,51,[1],1953/54
2,Juventus,34,20,10,4,58,34,+24,50,,1953/54
3,Milan,34,17,10,7,66,39,+27,44,,1953/54
3,Fiorentina,34,15,14,5,45,27,+18,44,,1953/54
5,Napoli,34,13,12,9,52,38,+14,38,,1953/54
6,Roma,34,12,12,10,53,42,+11,36,,1953/54
7,Bologna,34,14,8,12,50,41,+9,36,,1953/54
8,Sampdoria,34,11,12,11,38,40,−2,34,,1953/54
9,Torino,34,9,15,10,37,46,−9,33,,1953/54
10,Atalanta,34,10,11,13,54,53,+1,31,,1953/54
11,Lazio,34,10,9,15,40,42,−2,29,,1953/54
12,Genoa,34,10,8,16,36,50,−14,28,,1953/54
12,Triestina,34,9,10,15,42,64,−22,28,,1953/54
14,Novara,34,8,11,15,34,50,−16,27,,1953/54
15,Udinese,34,8,10,16,39,57,−18,26,Relegation tie-breaker,1953/54
16,SPAL,34,8,10,16,33,53,−20,26,Relegation tie-breaker,1953/54
17,Palermo,34,9,8,17,37,59,−22,26,Serie B after tie-breaker,1953/54
18,Legnano,34,6,13,15,44,58,−14,25,Relegation to Serie B,1953/54
1,Milan,34,19,10,5,81,35,+46,48,Qualification for the European Cup and for the Latin Cup,1954/55
2,Udinese,34,16,12,6,58,42,+16,44,Relegation to Serie B[a],1954/55
3,Roma,34,13,15,6,53,39,+14,41,,1954/55
4,Bologna,34,15,10,9,56,47,+9,40,,1954/55
5,Fiorentina,34,14,11,9,49,48,+1,39,,1954/55
6,Napoli,34,13,12,9,50,40,+10,38,,1954/55
7,Juventus,34,12,13,9,60,53,+7,37,,1954/55
8,Inter Milan,34,13,10,11,55,49,+6,36,,1954/55
9,Sampdoria,34,11,12,11,54,44,+10,34,,1954/55
9,Torino,34,12,10,12,42,45,−3,34,,1954/55
11,Genoa,34,9,13,12,34,44,−10,31,,1954/55
12,Catania,34,10,10,14,38,47,−9,30,Relegation to Serie B[a],1954/55
12,Lazio,34,11,8,15,41,52,−11,30,,1954/55
12,Triestina,34,9,12,13,34,52,−18,30,,1954/55
15,Atalanta,34,8,12,14,35,38,−3,28,,1954/55
15,Novara,34,10,8,16,39,53,−14,28,,1954/55
17,SPAL,34,5,13,16,24,49,−25,23,,1954/55
18,Pro Patria,34,6,9,19,29,55,−26,21,,1954/55
1,Fiorentina,34,20,13,1,59,20,+39,53,Qualification for the European Cup preliminary round,1955/56
2,Milan,34,16,9,9,70,48,+22,41,Qualified for the 1956 Latin Cup,1955/56
3,Inter Milan,34,16,7,11,57,36,+21,39,,1955/56
3,Lazio,34,14,11,9,54,46,+8,39,,1955/56
5,Bologna,34,15,7,12,68,52,+16,37,,1955/56
6,Roma,34,11,13,10,43,40,+3,35,,1955/56
6,Sampdoria,34,12,11,11,51,54,−3,35,,1955/56
8,Padova,34,14,6,14,41,43,−2,34,,1955/56
9,SPAL,34,10,13,11,40,39,+1,33,,1955/56
9,Genoa,34,12,9,13,50,52,−2,33,,1955/56
9,Torino,34,12,9,13,43,45,−2,33,,1955/56
9,Juventus,34,8,17,9,32,37,−5,33,,1955/56
9,Vicenza,34,10,13,11,31,40,−9,33,,1955/56
14,Napoli,34,10,12,12,46,49,−3,32,,1955/56
15,Atalanta,34,11,9,14,50,55,−5,31,,1955/56
16,Triestina,34,10,10,14,27,44,−17,30,,1955/56
17,Novara,34,8,10,16,45,51,−6,26,Relegation to Serie B,1955/56
18,Pro Patria,34,3,9,22,31,87,−56,15,Relegation to Serie B,1955/56
1,Milan,34,21,6,7,65,40,+25,48,Qualification to European Cup and for the Latin Cup,1956/57
2,Fiorentina,34,16,10,8,55,40,+15,42,,1956/57
3,Lazio,34,14,13,7,52,40,+12,41,,1956/57
4,Udinese,34,15,6,13,59,58,+1,36,,1956/57
5,Inter Milan,34,11,13,10,53,45,+8,35,,1956/57
5,Bologna,34,12,11,11,54,48,+6,35,,1956/57
5,Torino,34,13,9,12,45,42,+3,35,,1956/57
5,Sampdoria,34,12,11,11,59,56,+3,35,,1956/57
9,Juventus,34,11,11,12,54,54,0,33,,1956/57
9,SPAL,34,14,5,15,38,47,−9,33,,1956/57
11,Vicenza,34,11,10,13,49,51,−2,32,,1956/57
11,Napoli,34,11,10,13,39,41,−2,32,,1956/57
11,Padova,34,8,16,10,33,39,−6,32,,1956/57
14,Roma,34,10,11,13,53,49,+4,31,,1956/57
14,Atalanta,34,9,13,12,36,44,−8,31,,1956/57
16,Genoa,34,9,12,13,36,46,−10,30,,1956/57
17,Triestina,34,9,11,14,33,42,−9,29,Relegation to Serie B,1956/57
18,Palermo,34,7,8,19,32,63,−31,22,Relegation to Serie B,1956/57
1,Juventus,34,23,5,6,77,44,+33,51,Qualification to European Cup,1957/58
2,Fiorentina,34,16,11,7,56,36,+20,43,,1957/58
3,Padova,34,16,10,8,55,42,+13,42,,1957/58
4,Napoli,34,17,6,11,65,55,+10,40,,1957/58
5,Roma,34,12,12,10,46,42,+4,36,,1957/58
6,Bologna,34,12,10,12,47,43,+4,34,,1957/58
7,Vicenza,34,13,7,14,51,48,+3,33,,1957/58
7,Torino,34,11,11,12,42,49,−7,33,,1957/58
9,Milan,34,9,14,11,61,47,+14,32,,1957/58
9,Udinese,34,10,12,12,51,46,+5,32,,1957/58
9,Inter Milan,34,10,12,12,36,36,0,32,,1957/58
12,Genoa,34,9,12,13,53,60,−7,30,,1957/58
12,Sampdoria,34,9,12,13,54,62,−8,30,,1957/58
12,Alessandria,34,9,12,13,36,42,−6,30,,1957/58
12,Lazio,34,10,10,14,45,65,−20,30,,1957/58
12,SPAL,34,10,10,14,32,52,−20,30,,1957/58
17,Atalanta,34,6,16,12,29,49,−20,28,Relegation to Serie B,1957/58
18,Hellas Verona,34,10,6,18,44,62,−18,26,Qualification play-offs,1957/58
1,Milan,34,20,12,2,84,32,+52,52,Qualification to European Cup,1958/59
2,Fiorentina,34,20,9,5,95,35,+60,49,,1958/59
3,Inter Milan,34,20,6,8,77,41,+36,46,,1958/59
4,Juventus,34,16,10,8,74,51,+23,42,,1958/59
5,Sampdoria,34,15,8,11,50,44,+6,38,,1958/59
6,Roma,34,12,11,11,57,41,+16,35,,1958/59
7,Vicenza,34,13,8,13,41,41,0,34,,1958/59
7,Padova,34,13,8,13,50,52,−2,34,,1958/59
7,Napoli,34,9,16,9,39,50,−11,34,,1958/59
10,Bologna,34,10,11,13,47,53,−6,31,,1958/59
11,Bari,34,9,12,13,38,49,−11,30,,1958/59
11,Genoa,34,10,10,14,44,62,−18,30,,1958/59
11,Lazio,34,10,10,14,37,54,−17,30,,1958/59
14,Alessandria,34,8,12,14,33,57,−24,28,,1958/59
15,Udinese,34,8,11,15,32,59,−27,27,,1958/59
16,SPAL,34,8,10,16,29,48,−19,26,,1958/59
17,Triestina,34,6,11,17,34,56,−22,23,Relegation to Serie B,1958/59
17,Torino,34,6,11,17,36,72,−36,23,Relegation to Serie B,1958/59
1,Juventus,34,25,5,4,92,33,+59,55,Qualified for the European Cup,1959/60
2,Fiorentina,34,20,7,7,68,31,+37,47,Qualified for the Cup Winners' Cup,1959/60
3,Milan,34,17,10,7,56,37,+19,44,,1959/60
4,Inter Milan,34,14,12,8,55,43,+12,40,Invited for the Inter-Cities Fairs Cup,1959/60
5,Bologna,34,14,8,12,50,42,+8,36,,1959/60
5,Padova,34,14,8,12,50,46,+4,36,,1959/60
5,SPAL,34,12,12,10,45,50,−5,36,,1959/60
8,Sampdoria,34,11,13,10,41,46,−5,35,,1959/60
9,Roma,34,13,8,13,53,53,0,34,Invited for the Inter-Cities Fairs Cup,1959/60
10,Vicenza,34,11,10,13,39,42,−3,32,,1959/60
11,Atalanta,34,9,13,12,31,39,−8,31,,1959/60
12,Lazio,34,9,12,13,32,45,−13,30,,1959/60
13,Bari,34,9,11,14,32,42,−10,29,,1959/60
13,Napoli,34,8,13,13,33,48,−15,29,,1959/60
15,Udinese,34,6,16,12,39,54,−15,28,,1959/60
16,Palermo,34,6,15,13,27,40,−13,27,Relegated to Serie B,1959/60
17,Alessandria,34,5,15,14,28,51,−23,25,Relegated to Serie B,1959/60
18,Genoa,34,4,10,20,21,50,−29,0,Relegated to Serie B,1959/60
1,Juventus,34,22,5,7,80,42,+38,49,Qualified for the European Cup,1960/61
2,Milan,34,18,9,7,65,39,+26,45,Invited for the Inter-Cities Fairs Cup,1960/61
3,Inter Milan,34,18,8,8,73,39,+34,44,Invited for the Inter-Cities Fairs Cup,1960/61
4,Sampdoria,34,17,7,10,54,51,+3,41,,1960/61
5,Roma,34,16,7,11,58,46,+12,39,Invited for the Inter-Cities Fairs Cup,1960/61
6,Padova,34,16,6,12,47,40,+7,38,,1960/61
7,Fiorentina,34,13,11,10,46,34,+12,37,Qualified for the Cup Winners' Cup,1960/61
8,Catania,34,15,6,13,45,44,+1,36,,1960/61
9,Bologna,34,10,11,13,44,51,−7,31,,1960/61
9,Atalanta,34,9,13,12,35,41,−6,31,,1960/61
9,Vicenza,34,10,11,13,35,46,−11,31,,1960/61
12,Torino,34,9,12,13,34,41,−7,30,,1960/61
12,SPAL,34,10,10,14,39,50,−11,30,,1960/61
14,Lecco,34,10,9,15,33,49,−16,29,Relegation tie-breaker,1960/61
15,Udinese,34,9,11,14,39,53,−14,29,Relegation tie-breaker,1960/61
16,Bari,34,9,11,14,27,38,−11,29,Relegated to Serie B after tie-breaker,1960/61
17,Napoli,34,7,11,16,30,47,−17,25,Relegated to Serie B,1960/61
18,Lazio,34,5,8,21,30,63,−33,18,Relegated to Serie B,1960/61
1,Milan,34,24,5,5,83,36,+47,53,Qualified for the European Cup,1961/62
2,Inter Milan,34,19,10,5,59,31,+28,48,,1961/62
3,Fiorentina,34,19,8,7,57,32,+25,46,,1961/62
4,Bologna,34,19,7,8,57,41,+16,45,,1961/62
5,Roma,34,18,8,8,61,35,+26,44,Invited for the Inter-Cities Fairs Cup,1961/62
6,Atalanta,34,13,12,9,39,38,+1,38,,1961/62
7,Torino,34,12,12,10,42,40,+2,36,,1961/62
8,Palermo,34,13,9,12,30,35,−5,35,,1961/62
9,Mantova,34,12,8,14,42,42,0,32,,1961/62
10,Sampdoria,34,9,12,13,32,40,−8,30,Invited for the Inter-Cities Fairs Cup,1961/62
10,Catania,34,9,12,13,30,45,−15,30,,1961/62
12,Venezia,34,8,13,13,35,41,−6,29,,1961/62
12,Juventus,34,10,9,15,48,56,−8,29,,1961/62
14,Vicenza,34,8,11,15,29,43,−14,27,,1961/62
14,SPAL,34,9,9,16,30,50,−20,27,,1961/62
16,Padova,34,7,9,18,29,49,−20,23,Relegated to Serie B,1961/62
16,Lecco,34,6,11,17,30,53,−23,23,Relegated to Serie B,1961/62
18,Udinese,34,6,5,23,37,63,−26,17,Relegated to Serie B,1961/62
1,Inter Milan,34,19,11,4,56,20,+36,49,Qualification to European Cup,1962/63
2,Juventus,34,18,9,7,50,25,+25,45,Chosen for Inter-Cities Fairs Cup,1962/63
3,Milan,34,15,13,6,53,27,+26,43,Qualification to European Cup[a],1962/63
4,Bologna,34,17,8,9,58,39,+19,42,,1962/63
5,Roma,34,13,14,7,57,32,+25,40,Chosen for Inter-Cities Fairs Cup,1962/63
6,Fiorentina,34,15,8,11,52,32,+20,38,,1962/63
7,Vicenza,34,13,10,11,35,35,0,36,,1962/63
8,Atalanta,34,12,10,12,43,44,−1,34,Qualification to Cup Winners' Cup,1962/63
8,SPAL,34,12,10,12,36,38,−2,34,,1962/63
8,Torino,34,12,10,12,34,38,−4,34,,1962/63
11,Sampdoria,34,11,8,15,41,50,−9,30,,1962/63
11,Modena,34,10,10,14,36,47,−11,30,,1962/63
11,Mantova,34,8,14,12,34,46,−12,30,,1962/63
11,Catania,34,10,10,14,35,56,−21,30,,1962/63
15,Genoa,34,9,10,15,32,48,−16,28,,1962/63
16,Napoli,34,9,9,16,35,59,−24,27,Relegation to Serie B,1962/63
17,Venezia,34,6,10,18,36,51,−15,22,Relegation to Serie B,1962/63
18,Palermo,34,5,10,19,18,54,−36,20,Relegation to Serie B,1962/63
1,Bologna,34,22,10,2,54,18,+36,54,Qualification to European Cup[a],1963/64
2,Inter Milan,34,23,8,3,54,21,+33,54,Qualification to European Cup[a],1963/64
3,Milan,34,21,9,4,58,28,+30,51,Chosen for Inter-Cities Fairs Cup,1963/64
4,Fiorentina,34,14,10,10,43,27,+16,38,Chosen for Inter-Cities Fairs Cup,1963/64
4,Juventus,34,14,10,10,49,37,+12,38,Chosen for Inter-Cities Fairs Cup,1963/64
6,Vicenza,34,13,10,11,34,36,−2,36,,1963/64
7,Torino,34,9,17,8,32,32,0,35,Qualification to Cup Winners' Cup,1963/64
8,Genoa,34,10,10,14,33,34,−1,30,,1963/64
8,Lazio,34,9,12,13,21,24,−3,30,,1963/64
8,Catania,34,9,12,13,32,44,−12,30,,1963/64
8,Atalanta,34,7,16,11,26,43,−17,30,,1963/64
12,Roma,34,9,11,14,43,44,−1,29,Chosen for Inter-Cities Fairs Cup,1963/64
12,Mantova,34,6,17,11,28,39,−11,29,,1963/64
14,Messina,34,9,10,15,25,46,−21,28,,1963/64
15,Sampdoria,34,10,7,17,38,50,−12,27,Relegation tie-breaker,1963/64
16,Modena,34,6,15,13,29,42,−13,27,Serie B after tie-breaker,1963/64
17,SPAL,34,6,12,16,28,39,−11,24,Relegation to Serie B,1963/64
18,Bari,34,6,10,18,20,43,−23,22,Relegation to Serie B,1963/64
1,Inter Milan,34,22,10,2,68,29,+39,54,Qualification to European Cup,1964/65
2,Milan,34,21,9,4,52,23,+29,51,Chosen for Inter-Cities Fairs Cup,1964/65
3,Torino,34,16,12,6,48,27,+21,44,Chosen for Inter-Cities Fairs Cup,1964/65
4,Fiorentina,34,16,9,9,52,37,+15,41,Chosen for Inter-Cities Fairs Cup,1964/65
4,Juventus,34,15,11,8,43,24,+19,41,Qualification to Cup Winners' Cup,1964/65
6,Bologna,34,11,12,11,43,42,+1,34,,1964/65
6,Cagliari,34,13,8,13,33,35,−2,34,,1964/65
8,Catania,34,12,8,14,46,51,−5,32,,1964/65
9,Foggia,34,10,11,13,26,30,−4,31,,1964/65
9,Roma,34,8,15,11,29,35,−6,31,Chosen for Inter-Cities Fairs Cup,1964/65
11,Varese,34,8,14,12,28,37,−9,30,,1964/65
11,Vicenza,34,10,10,14,33,44,−11,30,,1964/65
11,Atalanta,34,7,16,11,19,28,−9,30,,1964/65
14,Lazio,34,8,13,13,25,38,−13,29,,1964/65
14,Sampdoria,34,9,11,14,19,30,−11,29,,1964/65
16,Genoa,34,8,12,14,30,46,−16,28,Relegation to Serie B,1964/65
17,Messina,34,7,8,19,26,44,−18,22,Relegation to Serie B,1964/65
18,Mantova,34,7,7,20,20,40,−20,21,Relegation to Serie B,1964/65
1,Inter Milan,34,20,10,4,70,28,+42,50,Qualification to European Cup,1965/66
2,Bologna,34,19,8,7,60,37,+23,46,Chosen for Inter-Cities Fairs Cup,1965/66
3,Napoli,34,17,11,6,44,27,+17,45,Chosen for Inter-Cities Fairs Cup,1965/66
4,Fiorentina,34,16,11,7,45,22,+23,43,Qualification to Cup Winners' Cup,1965/66
5,Juventus,34,13,16,5,38,23,+15,42,Chosen for Inter-Cities Fairs Cup,1965/66
6,Vicenza,34,13,14,7,44,34,+10,40,,1965/66
7,Milan,34,13,12,9,43,33,+10,38,,1965/66
8,Roma,34,13,10,11,28,31,−3,36,,1965/66
9,Brescia,34,12,8,14,43,44,−1,32,,1965/66
10,Torino,34,9,13,12,31,34,−3,31,,1965/66
11,Cagliari,34,10,10,14,36,37,−1,30,,1965/66
12,Foggia,34,8,13,13,22,30,−8,29,,1965/66
12,Lazio,34,8,13,13,28,41,−13,29,,1965/66
12,Atalanta,34,9,11,14,24,37,−13,29,,1965/66
15,SPAL,34,9,10,15,38,45,−7,28,,1965/66
16,Sampdoria,34,9,9,16,27,47,−20,27,Relegation to Serie B,1965/66
17,Catania,34,5,12,17,24,56,−32,22,Relegation to Serie B,1965/66
18,Varese,34,2,11,21,23,62,−39,15,Relegation to Serie B,1965/66
1,Juventus,34,18,13,3,44,19,+25,49,Qualification to European Cup,1966/67
2,Inter Milan,34,19,10,5,59,22,+37,48,,1966/67
3,Bologna,34,18,9,7,48,27,+21,45,Chosen for Inter-Cities Fairs Cup,1966/67
4,Napoli,34,17,10,7,46,23,+23,44,Chosen for Inter-Cities Fairs Cup,1966/67
5,Fiorentina,34,15,13,6,53,29,+24,43,Chosen for Inter-Cities Fairs Cup,1966/67
6,Cagliari,34,13,14,7,35,17,+18,40,,1966/67
7,Torino,34,10,18,6,33,26,+7,38,,1966/67
8,Milan,34,11,15,8,36,32,+4,37,Qualification to Cup Winners' Cup,1966/67
9,Mantova,34,6,22,6,22,23,−1,34,,1966/67
10,Roma,34,11,11,12,35,39,−4,33,,1966/67
11,Atalanta,34,9,13,12,28,43,−15,31,,1966/67
12,SPAL,34,8,13,13,28,36,−8,29,,1966/67
13,Vicenza,34,7,14,13,26,39,−13,28,,1966/67
13,Brescia,34,7,14,13,22,40,−18,28,,1966/67
15,Lazio,34,6,15,13,20,35,−15,27,Relegation to Serie B,1966/67
16,Foggia,34,7,10,17,28,49,−21,24,Relegation to Serie B,1966/67
17,Venezia,34,4,9,21,29,57,−28,17,Relegation to Serie B,1966/67
17,Lecco,34,3,11,20,21,57,−36,17,Relegation to Serie B,1966/67
1,Milan,30,18,10,2,53,24,+29,46,Qualification to European Cup,1967/68
2,Napoli,30,13,11,6,34,24,+10,37,Qualified to Inter-Cities Fairs Cup,1967/68
3,Juventus,30,13,10,7,33,29,+4,36,Qualified to Inter-Cities Fairs Cup,1967/68
4,Fiorentina,30,13,9,8,35,23,+12,35,Qualified to Inter-Cities Fairs Cup,1967/68
5,Inter Milan,30,13,7,10,46,34,+12,33,,1967/68
5,Bologna,30,11,11,8,30,23,+7,33,Qualified to Inter-Cities Fairs Cup,1967/68
7,Torino,30,12,8,10,44,31,+13,32,Qualification to Cup Winners' Cup,1967/68
7,Varese,30,12,8,10,28,27,+1,32,,1967/68
9,Cagliari,30,12,7,11,44,38,+6,31,,1967/68
10,Sampdoria,30,6,15,9,27,34,−7,27,,1967/68
10,Roma,30,7,13,10,25,35,−10,27,,1967/68
12,Vicenza,30,8,9,13,22,30,−8,25,,1967/68
12,Atalanta,30,10,5,15,26,42,−16,25,,1967/68
14,SPAL,30,10,2,18,24,38,−14,22,Relegation to Serie B,1967/68
14,Brescia,30,8,6,16,20,35,−15,22,Relegation to Serie B,1967/68
16,Mantova,30,3,11,16,13,37,−24,17,Relegation to Serie B,1967/68
1,Fiorentina,30,16,13,1,38,18,+20,45,Qualification to European Cup,1968/69
2,Cagliari,30,14,13,3,41,18,+23,41,Qualified to Inter-Cities Fairs Cup,1968/69
3,Milan,30,14,13,3,31,12,+19,41,Qualification to European Cup[a],1968/69
4,Inter Milan,30,14,8,8,55,26,+29,36,Qualified to Inter-Cities Fairs Cup,1968/69
5,Juventus,30,12,11,7,32,24,+8,35,Qualified to Inter-Cities Fairs Cup,1968/69
6,Torino,30,11,11,8,33,24,+9,33,[b],1968/69
7,Napoli,30,10,12,8,26,25,+1,32,Qualified to Inter-Cities Fairs Cup,1968/69
8,Roma,30,10,10,10,35,35,0,30,Qualification to Cup Winners' Cup,1968/69
9,Bologna,30,10,9,11,27,36,−9,29,,1968/69
10,Hellas Verona,30,9,8,13,40,49,−9,26,,1968/69
11,Palermo,30,7,11,12,21,32,−11,25,,1968/69
12,Sampdoria,30,5,13,12,21,27,−6,23,,1968/69
13,Vicenza,30,8,7,15,26,39,−13,23,,1968/69
14,Varese,30,5,12,13,20,43,−23,22,Relegation to Serie B,1968/69
15,Pisa,30,6,8,16,26,44,−18,20,Relegation to Serie B,1968/69
16,Atalanta,30,4,11,15,25,45,−20,19,Relegation to Serie B,1968/69
1,Cagliari,30,17,11,2,42,11,+31,45,Qualification to European Cup,1969/70
2,Inter Milan,30,16,9,5,41,19,+22,41,Qualified to Inter-Cities Fairs Cup,1969/70
3,Juventus,30,15,8,7,43,20,+23,38,Qualified to Inter-Cities Fairs Cup,1969/70
4,Milan,30,13,10,7,38,24,+14,36,[a],1969/70
4,Fiorentina,30,15,6,9,40,33,+7,36,Qualified to Inter-Cities Fairs Cup,1969/70
6,Napoli,30,10,11,9,24,21,+3,31,,1969/70
7,Torino,30,11,8,11,20,31,−11,30,,1969/70
8,Lazio,30,11,7,12,33,32,+1,29,Qualified to Inter-Cities Fairs Cup,1969/70
8,Vicenza,30,11,7,12,32,31,+1,29,,1969/70
10,Bologna,30,6,16,8,22,24,−2,28,Qualification to Cup Winners' Cup,1969/70
11,Roma,30,8,12,10,27,36,−9,28,,1969/70
12,Hellas Verona,30,8,10,12,26,30,−4,26,,1969/70
13,Sampdoria,30,6,12,12,22,37,−15,24,,1969/70
14,Brescia,30,5,10,15,20,35,−15,20,Relegation to Serie B,1969/70
15,Palermo,30,5,10,15,23,45,−22,20,Relegation to Serie B,1969/70
16,Bari,30,5,9,16,11,35,−24,19,Relegation to Serie B,1969/70
1,Inter Milan,30,19,8,3,50,26,+24,46,Qualification to European Cup,1970/71
2,Milan,30,15,12,3,54,26,+28,42,Qualification to UEFA Cup,1970/71
3,Napoli,30,15,9,6,33,19,+14,39,Qualification to UEFA Cup,1970/71
4,Juventus,30,11,13,6,41,30,+11,35,Qualification to UEFA Cup,1970/71
5,Bologna,30,10,14,6,30,24,+6,34,Qualification to UEFA Cup,1970/71
6,Roma,30,7,18,5,32,25,+7,32,,1970/71
7,Cagliari,30,8,14,8,33,35,−2,30,,1970/71
8,Torino,30,6,14,10,27,30,−3,26,Qualification to Cup Winners' Cup,1970/71
9,Varese,30,5,16,9,29,33,−4,26,,1970/71
10,Vicenza,30,6,14,10,23,31,−8,26,,1970/71
11,Hellas Verona,30,7,12,11,23,35,−12,26,,1970/71
12,Sampdoria,30,6,13,11,30,34,−4,25,,1970/71
13,Fiorentina,30,3,19,8,26,32,−6,25,,1970/71
14,Foggia,30,6,13,11,28,43,−15,25,Relegation to Serie B,1970/71
15,Lazio,30,5,12,13,28,43,−15,22,Relegation to Serie B,1970/71
16,Catania,30,5,11,14,18,39,−21,21,Relegation to Serie B,1970/71
1,Juventus,30,17,9,4,48,24,+24,43,Qualification to European Cup,1971/72
2,Milan,30,16,10,4,36,17,+19,42,Qualification to Cup Winners' Cup,1971/72
3,Torino,30,17,8,5,39,25,+14,42,Qualification to UEFA Cup,1971/72
4,Cagliari,30,15,9,6,39,23,+16,39,Qualification to UEFA Cup,1971/72
5,Inter Milan,30,13,10,7,49,28,+21,36,Qualification to UEFA Cup,1971/72
6,Fiorentina,30,12,12,6,28,20,+8,36,Qualification to UEFA Cup,1971/72
7,Roma,30,13,9,8,37,31,+6,35,,1971/72
8,Napoli,30,6,16,8,27,31,−4,28,,1971/72
9,Sampdoria,30,8,12,10,23,28,−5,28,,1971/72
10,Atalanta,30,9,8,13,21,26,−5,26,,1971/72
11,Bologna,30,7,11,12,28,36,−8,25,,1971/72
12,Vicenza,30,8,7,15,30,43,−13,23,,1971/72
13,Hellas Verona,30,4,14,12,21,36,−15,22,,1971/72
14,Mantova,30,6,9,15,23,39,−16,21,Relegation to Serie B,1971/72
15,Catanzaro,30,3,15,12,17,34,−17,21,Relegation to Serie B,1971/72
16,Varese,30,1,11,18,17,42,−25,13,Relegation to Serie B,1971/72
1,Juventus,30,18,9,3,45,22,+23,45,Qualification to European Cup,1972/73
2,Milan,30,18,8,4,65,33,+32,44,Qualification to Cup Winners' Cup,1972/73
3,Lazio,30,16,11,3,33,16,+17,43,Qualification to UEFA Cup,1972/73
4,Fiorentina,30,16,5,9,39,26,+13,37,Qualification to UEFA Cup,1972/73
5,Inter Milan,30,15,7,8,32,23,+9,37,Qualification to UEFA Cup,1972/73
6,Torino,30,11,9,10,33,21,+12,31,Qualification to UEFA Cup,1972/73
7,Bologna,30,11,9,10,33,31,+2,31,,1972/73
8,Cagliari,30,9,11,10,26,28,−2,29,,1972/73
9,Napoli,30,7,14,9,18,20,−2,28,,1972/73
10,Hellas Verona,30,5,16,9,28,34,−6,26,,1972/73
11,Roma,30,6,12,12,23,28,−5,24,,1972/73
12,Sampdoria,30,5,14,11,16,25,−9,24,,1972/73
13,Vicenza,30,7,10,13,15,31,−16,24,,1972/73
14,Atalanta,30,5,14,11,16,33,−17,24,Relegation to Serie B,1972/73
15,Palermo,30,3,11,16,13,41,−28,17,Relegation to Serie B,1972/73
16,Ternana,30,3,10,17,14,37,−23,16,Relegation to Serie B,1972/73
1,Lazio,30,18,7,5,45,23,+22,43,Disqualified from the European Cup,1973/74
2,Juventus,30,16,9,5,50,26,+24,41,Qualification to UEFA Cup,1973/74
3,Napoli,30,12,12,6,35,28,+7,36,Qualification to UEFA Cup,1973/74
4,Inter Milan,30,12,11,7,47,33,+14,35,Qualification to UEFA Cup,1973/74
5,Torino,30,10,14,6,27,24,+3,34,Qualification to UEFA Cup,1973/74
6,Fiorentina,30,10,13,7,32,26,+6,33,,1973/74
7,Milan,30,11,8,11,34,36,−2,30,,1973/74
8,Roma,30,10,9,11,29,28,+1,29,,1973/74
9,Bologna,30,6,17,7,35,36,−1,29,Qualification to Cup Winners' Cup,1973/74
10,Cagliari,30,7,14,9,25,32,−7,28,,1973/74
11,Cesena,30,6,15,9,25,28,−3,27,,1973/74
12,Vicenza,30,7,12,11,22,37,−15,26,,1973/74
13,Sampdoria,30,5,13,12,27,34,−7,20,,1973/74
14,Foggia,30,6,12,12,20,34,−14,18,Relegation to Serie B,1973/74
15,Genoa,30,4,9,17,16,37,−21,17,Relegation to Serie B,1973/74
16,Hellas Verona,30,8,9,13,28,35,−7,25,Relegation to Serie B,1973/74
1,Juventus,30,18,7,5,49,19,+30,43,Qualification to European Cup,1974/75
2,Napoli,30,14,13,3,50,22,+28,41,Qualification to UEFA Cup,1974/75
3,Roma,30,15,9,6,27,15,+12,39,Qualification to UEFA Cup,1974/75
4,Lazio,30,14,9,7,34,28,+6,37,Qualification to UEFA Cup,1974/75
5,Milan,30,12,12,6,37,22,+15,36,Qualification to UEFA Cup,1974/75
6,Torino,30,11,13,6,40,30,+10,35,,1974/75
7,Bologna,30,10,12,8,36,33,+3,32,,1974/75
8,Fiorentina,30,9,13,8,31,27,+4,31,Qualification to Cup Winners' Cup,1974/75
9,Inter Milan,30,10,10,10,26,26,0,30,,1974/75
10,Cagliari,30,6,14,10,22,30,−8,26,,1974/75
11,Cesena,30,5,15,10,23,35,−12,25,,1974/75
12,Ascoli,30,6,12,12,14,27,−13,24,,1974/75
13,Sampdoria,30,4,16,10,21,35,−14,24,,1974/75
14,Vicenza,30,5,11,14,19,34,−15,21,Relegation to Serie B,1974/75
15,Ternana,30,4,11,15,19,42,−23,19,Relegation to Serie B,1974/75
16,Varese,30,3,11,16,19,42,−23,17,Relegation to Serie B,1974/75
1,Torino,30,18,9,3,49,22,+27,45,Qualification to European Cup,1975/76
2,Juventus,30,18,7,5,46,26,+20,43,Qualification to UEFA Cup,1975/76
3,Milan,30,15,8,7,42,28,+14,38,Qualification to UEFA Cup,1975/76
4,Inter Milan,30,14,9,7,36,28,+8,37,Qualification to UEFA Cup,1975/76
5,Napoli,30,13,10,7,40,27,+13,36,Qualification to Cup Winners' Cup,1975/76
6,Cesena,30,9,14,7,39,35,+4,32,Qualification to UEFA Cup,1975/76
7,Bologna,30,9,14,7,32,32,0,32,,1975/76
8,Perugia,30,10,11,9,31,34,−3,31,,1975/76
9,Fiorentina,30,9,9,12,39,39,0,27,,1975/76
10,Roma,30,6,13,11,25,31,−6,25,,1975/76
11,Hellas Verona,30,8,8,14,35,46,−11,24,,1975/76
12,Sampdoria,30,8,8,14,21,32,−11,24,,1975/76
13,Lazio,30,6,11,13,35,40,−5,23,,1975/76
14,Ascoli,30,4,15,11,19,34,−15,23,Relegation to Serie B,1975/76
15,Como,30,5,11,14,28,36,−8,21,Relegation to Serie B,1975/76
16,Cagliari,30,5,9,16,25,52,−27,19,Relegation to Serie B,1975/76
1,Juventus,30,23,5,2,50,20,+30,51,Qualification to European Cup,1976/77
2,Torino,30,21,8,1,51,14,+37,50,Qualification to UEFA Cup,1976/77
3,Fiorentina,30,12,11,7,38,31,+7,35,Qualification to UEFA Cup,1976/77
4,Inter Milan,30,10,13,7,34,27,+7,33,Qualification to UEFA Cup,1976/77
5,Lazio,30,10,11,9,34,28,+6,31,Qualification to UEFA Cup,1976/77
6,Perugia,30,9,11,10,32,28,+4,29,,1976/77
7,Napoli,30,9,11,10,37,38,−1,28,,1976/77
8,Roma,30,9,10,11,27,33,−6,28,,1976/77
9,Hellas Verona,30,7,14,9,26,32,−6,28,,1976/77
10,Milan,30,5,17,8,30,33,−3,27,Qualification to Cup Winners' Cup,1976/77
11,Genoa,30,8,11,11,40,45,−5,27,,1976/77
12,Bologna,30,8,11,11,24,31,−7,27,,1976/77
13,Foggia,30,10,6,14,33,39,−6,26,,1976/77
14,Sampdoria,30,6,12,12,28,42,−14,24,Relegation to Serie B,1976/77
15,Catanzaro,30,7,7,16,26,43,−17,21,Relegation to Serie B,1976/77
16,Cesena,30,3,8,19,22,48,−26,14,Relegation to Serie B,1976/77
1,Juventus,30,15,14,1,46,17,+29,44,Qualification to European Cup,1977/78
2,Vicenza,30,14,11,5,50,34,+16,39,Qualification to UEFA Cup,1977/78
3,Torino,30,14,11,5,36,23,+13,39,Qualification to UEFA Cup,1977/78
4,Milan,30,12,13,5,38,25,+13,37,Qualification to UEFA Cup,1977/78
5,Inter Milan,30,13,10,7,35,24,+11,36,Qualification to Cup Winners' Cup,1977/78
6,Napoli,30,8,14,8,35,31,+4,30,Qualification to UEFA Cup,1977/78
7,Perugia,30,10,10,10,36,35,+1,30,,1977/78
8,Roma,30,8,12,10,31,34,−3,28,,1977/78
9,Atalanta,30,6,15,9,28,32,−4,27,,1977/78
10,Hellas Verona,30,6,14,10,25,30,−5,26,,1977/78
11,Lazio,30,8,10,12,31,38,−7,26,,1977/78
12,Bologna,30,7,12,11,21,32,−11,26,,1977/78
13,Fiorentina,30,7,11,12,28,37,−9,25,,1977/78
14,Genoa,30,5,15,10,23,33,−10,25,Relegation to Serie B,1977/78
15,Foggia,30,8,9,13,28,43,−15,25,Relegation to Serie B,1977/78
16,Pescara,30,4,9,17,21,44,−23,17,Relegation to Serie B,1977/78
1,Milan,30,17,10,3,46,19,+27,44,Qualification to European Cup,1978/79
2,Perugia,30,11,19,0,34,16,+18,41,Qualification to UEFA Cup,1978/79
3,Juventus,30,12,13,5,40,23,+17,37,Qualification to Cup Winners' Cup,1978/79
4,Inter Milan,30,10,16,4,38,24,+14,36,Qualification to UEFA Cup,1978/79
5,Torino,30,11,14,5,35,23,+12,36,Qualification to UEFA Cup,1978/79
6,Napoli,30,9,14,7,23,21,+2,32,Qualification to UEFA Cup,1978/79
7,Fiorentina,30,10,12,8,26,26,0,32,,1978/79
8,Lazio,30,9,11,10,35,40,−5,29,,1978/79
9,Catanzaro,30,6,16,8,23,30,−7,28,,1978/79
10,Ascoli,30,7,12,11,26,31,−5,26,,1978/79
11,Avellino,30,6,14,10,19,26,−7,26,,1978/79
12,Roma,30,8,10,12,24,32,−8,26,,1978/79
13,Bologna,30,4,16,10,23,30,−7,24,,1978/79
14,Vicenza,30,5,14,11,29,42,−13,24,Relegation to Serie B,1978/79
15,Atalanta,30,6,12,12,20,33,−13,24,Relegation to Serie B,1978/79
16,Hellas Verona,30,2,11,17,14,39,−25,15,Relegation to Serie B,1978/79
1,Inter Milan,30,14,13,3,44,25,+19,41,Qualification to European Cup,1979/80
2,Juventus,30,16,6,8,42,25,+17,38,Qualification to UEFA Cup,1979/80
3,Torino,30,11,13,6,26,15,+11,35,Qualification to UEFA Cup,1979/80
4,Ascoli,30,11,12,7,35,28,+7,34,,1979/80
5,Fiorentina,30,11,11,8,33,27,+6,33,,1979/80
6,Roma,30,10,12,8,34,35,−1,32,Qualification to Cup Winners' Cup,1979/80
7,Bologna,30,8,14,8,23,24,−1,30,,1979/80
8,Cagliari,30,8,14,8,27,29,−2,30,,1979/80
9,Perugia,30,9,12,9,27,32,−5,30,,1979/80
10,Napoli,30,7,14,9,20,20,0,28,,1979/80
11,Avellino,30,7,13,10,24,32,−8,27,,1979/80
12,Catanzaro,30,5,14,11,20,34,−14,24,,1979/80
13,Udinese,30,3,15,12,24,38,−14,21,,1979/80
14,Pescara,30,4,8,18,18,44,−26,16,Relegation to Serie B,1979/80
15,Milan,30,14,8,8,34,19,+15,36,Relegation to Serie B,1979/80
16,Lazio,30,5,15,10,21,25,−4,25,Relegation to Serie B,1979/80
1,Juventus,30,17,10,3,46,15,+31,44,Qualification to European Cup,1980/81
2,Roma,30,14,14,2,43,20,+23,42,Qualification to Cup Winners' Cup,1980/81
3,Napoli,30,14,10,6,31,21,+10,38,Qualification to UEFA Cup,1980/81
4,Inter Milan,30,14,8,8,41,24,+17,36,Qualification to UEFA Cup,1980/81
5,Fiorentina,30,9,14,7,28,25,+3,32,,1980/81
6,Cagliari,30,8,14,8,29,30,−1,30,,1980/81
7,Bologna,30,11,12,7,32,27,+5,29,,1980/81
8,Catanzaro,30,6,17,7,24,27,−3,29,,1980/81
9,Torino,30,8,10,12,26,29,−3,26,,1980/81
10,Avellino,30,10,10,10,36,33,+3,25[b],,1980/81
11,Ascoli,30,7,11,12,18,34,−16,25[b],,1980/81
12,Udinese,30,6,13,11,24,39,−15,25[b],,1980/81
13,Como,30,8,9,13,25,33,−8,25[b],,1980/81
14,Brescia,30,4,17,9,19,25,−6,25[b],Relegation to Serie B,1980/81
15,Perugia,30,5,13,12,18,31,−13,18,Relegation to Serie B,1980/81
16,Pistoiese,30,6,4,20,19,46,−27,16,Relegation to Serie B,1980/81
1,Juventus,30,19,8,3,48,14,+34,46,Qualification to European Cup,1981/82
2,Fiorentina,30,17,11,2,36,17,+19,45,Qualification to UEFA Cup,1981/82
3,Roma,30,15,8,7,40,29,+11,38,Qualification to UEFA Cup,1981/82
4,Napoli,30,10,15,5,31,21,+10,35,Qualification to UEFA Cup,1981/82
5,Inter Milan,30,11,13,6,39,34,+5,35,Qualification to Cup Winners' Cup,1981/82
6,Ascoli,30,9,14,7,26,21,+5,32,,1981/82
7,Catanzaro,30,9,10,11,25,29,−4,28,,1981/82
8,Avellino,30,9,9,12,22,26,−4,27,,1981/82
9,Torino,30,8,11,11,25,30,−5,27,,1981/82
10,Cesena,30,8,11,11,34,41,−7,27,,1981/82
11,Udinese,30,9,8,13,27,37,−10,26,,1981/82
12,Cagliari,30,7,11,12,33,36,−3,25,,1981/82
13,Genoa,30,6,13,11,24,29,−5,25,,1981/82
14,Milan,30,7,10,13,21,31,−10,24,Relegation to Serie B,1981/82
15,Bologna,30,6,11,13,25,37,−12,23,Relegation to Serie B,1981/82
16,Como,30,3,11,16,18,42,−24,17,Relegation to Serie B,1981/82
1,Roma,30,16,11,3,47,24,+23,43,Qualification to European Cup,1982/83
2,Juventus,30,15,9,6,49,26,+23,39,Qualification to Cup Winners' Cup,1982/83
3,Inter Milan,30,12,14,4,40,23,+17,38,Qualification to UEFA Cup,1982/83
4,Hellas Verona,30,11,13,6,37,31,+6,35,Qualification to UEFA Cup,1982/83
5,Fiorentina,30,12,10,8,36,25,+11,34,,1982/83
6,Udinese,30,6,20,4,25,29,−4,32,,1982/83
7,Sampdoria,30,8,15,7,31,30,+1,31,,1982/83
8,Torino,30,9,12,9,30,28,+2,30,,1982/83
9,Avellino,30,8,12,10,29,34,−5,28,,1982/83
10,Napoli,30,7,14,9,22,29,−7,28,,1982/83
11,Pisa,30,8,11,11,27,27,0,27,,1982/83
12,Genoa,30,6,15,9,34,38,−4,27,,1982/83
13,Ascoli,30,9,9,12,32,37,−5,27,,1982/83
14,Cagliari,30,6,14,10,23,33,−10,26,Relegation to Serie B,1982/83
15,Cesena,30,4,14,12,22,35,−13,22,Relegation to Serie B,1982/83
16,Catanzaro,30,2,9,19,21,56,−35,13,Relegation to Serie B,1982/83
1,Juventus,30,17,9,4,57,29,+28,43,Qualification to European Cup,1983/84
2,Roma,30,15,11,4,48,28,+20,41,Qualification to Cup Winners' Cup,1983/84
3,Fiorentina,30,12,12,6,48,31,+17,36,Qualification to UEFA Cup,1983/84
4,Inter Milan,30,12,11,7,37,23,+14,35,Qualification to UEFA Cup,1983/84
5,Torino,30,11,11,8,37,30,+7,33,,1983/84
6,Milan,30,10,12,8,37,40,−3,32,,1983/84
7,Sampdoria,30,12,8,10,36,30,+6,32,,1983/84
8,Hellas Verona,30,12,8,10,43,35,+8,32,,1983/84
9,Udinese,30,11,9,10,47,40,+7,31,,1983/84
10,Ascoli,30,9,11,10,29,35,−6,29,,1983/84
11,Napoli,30,7,12,11,28,38,−10,26,,1983/84
12,Avellino,30,9,8,13,33,39,−6,26,,1983/84
13,Lazio,30,8,9,13,35,49,−14,25[a],,1983/84
14,Genoa,30,6,13,11,24,36,−12,25,Relegation to Serie B,1983/84
15,Pisa,30,3,16,11,20,35,−15,22,Relegation to Serie B,1983/84
16,Catania,30,1,10,19,14,55,−41,12,Relegation to Serie B,1983/84
1,Hellas Verona,30,15,13,2,42,19,+23,43,Qualification to European Cup,1984/85
2,Torino,30,14,11,5,36,22,+14,39,Qualification to UEFA Cup,1984/85
3,Inter Milan,30,13,12,5,42,28,+14,38,Qualification to UEFA Cup,1984/85
4,Sampdoria,30,12,13,5,36,21,+15,37,Qualification to Cup Winners' Cup,1984/85
5,Milan,30,12,12,6,31,25,+6,36[a],Qualification to UEFA Cup,1984/85
6,Juventus,30,11,14,5,48,33,+15,36[a],Qualification to European Cup,1984/85
7,Roma,30,10,14,6,33,25,+8,34,,1984/85
8,Napoli,30,10,13,7,34,29,+5,33,,1984/85
9,Fiorentina,30,8,13,9,33,31,+2,29,,1984/85
10,Atalanta,30,5,18,7,20,32,−12,28,,1984/85
11,Como,30,6,13,11,17,27,−10,25,,1984/85
12,Udinese,30,10,5,15,43,46,−3,25,,1984/85
13,Avellino,30,7,11,12,27,33,−6,25,,1984/85
14,Ascoli,30,4,14,12,24,40,−16,22,Relegation to Serie B,1984/85
15,Lazio,30,2,11,17,16,45,−29,15,Relegation to Serie B,1984/85
16,Cremonese,30,4,7,19,22,48,−26,15,Relegation to Serie B,1984/85
1,Juventus,30,18,9,3,43,17,+26,45,Qualification to European Cup,1985/86
2,Roma,30,19,3,8,51,27,+24,41,Qualification to Cup Winners' Cup,1985/86
3,Napoli,30,14,11,5,35,21,+14,39,Qualification to UEFA Cup,1985/86
4,Torino,30,11,11,8,31,26,+5,33,Qualification to UEFA Cup,1985/86
5,Fiorentina,30,10,13,7,29,23,+6,33,Qualification to UEFA Cup,1985/86
6,Inter Milan,30,12,8,10,36,33,+3,32,Qualification to UEFA Cup,1985/86
7,Milan,30,10,11,9,26,24,+2,31,,1985/86
8,Atalanta,30,7,15,8,27,26,+1,29,,1985/86
9,Como,30,7,15,8,32,32,0,29,,1985/86
10,Hellas Verona,30,9,10,11,31,40,−9,28,,1985/86
11,Avellino,30,9,9,12,28,38,−10,27,,1985/86
12,Sampdoria,30,8,11,11,27,25,+2,27,,1985/86
13,Udinese,30,6,13,11,31,37,−6,25,,1985/86
14,Pisa,30,5,13,12,27,40,−13,23,Relegation to Serie B,1985/86
15,Bari,30,5,12,13,18,31,−13,22,Relegation to Serie B,1985/86
16,Lecce,30,5,6,19,23,55,−32,16,Relegation to Serie B,1985/86
1,Napoli,30,15,12,3,41,21,+20,42,Qualification to European Cup,1986/87
2,Juventus,30,14,11,5,42,27,+15,39,Qualification to UEFA Cup,1986/87
3,Inter Milan,30,15,8,7,32,17,+15,38,Qualification to UEFA Cup,1986/87
4,Hellas Verona,30,12,12,6,36,25,+11,36,Qualification to UEFA Cup,1986/87
5,Milan,30,13,9,8,31,21,+10,35,Qualification to UEFA Cup,1986/87
6,Sampdoria,30,13,9,8,37,21,+16,35,,1986/87
7,Roma,30,12,9,9,37,31,+6,33,,1986/87
8,Avellino,30,9,12,9,31,38,−7,30,,1986/87
9,Como,30,5,16,9,16,20,−4,26,,1986/87
10,Fiorentina,30,8,10,12,30,35,−5,26,,1986/87
11,Torino,30,8,10,12,26,32,−6,26,,1986/87
12,Ascoli,30,7,10,13,18,33,−15,24,,1986/87
13,Empoli,30,8,7,15,13,33,−20,23,,1986/87
14,Brescia,30,7,8,15,25,35,−10,22,Relegation to Serie B,1986/87
15,Atalanta,30,7,7,16,22,32,−10,21,Qualification to Cup Winners' Cup and relegation to Serie B,1986/87
16,Udinese,30,6,12,12,25,41,−16,15,Relegation to Serie B,1986/87
1,Milan,30,17,11,2,43,14,+29,45,Qualification to European Cup,1987/88
2,Napoli,30,18,6,6,55,27,+28,42,Qualification to UEFA Cup,1987/88
3,Roma,30,15,8,7,39,26,+13,38,Qualification to UEFA Cup,1987/88
4,Sampdoria,30,13,11,6,41,30,+11,37,Qualification to Cup Winners' Cup,1987/88
5,Inter Milan,30,11,10,9,42,35,+7,32,Qualification to UEFA Cup,1987/88
6,Juventus,30,11,9,10,35,30,+5,31,Qualification to UEFA Cup,1987/88
7,Torino,30,8,15,7,33,30,+3,31,,1987/88
8,Fiorentina,30,9,10,11,29,33,−4,28,,1987/88
9,Cesena,30,7,12,11,23,32,−9,26,,1987/88
10,Hellas Verona,30,7,11,12,23,30,−7,25,,1987/88
11,Como,30,6,13,11,22,37,−15,25,,1987/88
12,Ascoli,30,6,12,12,30,37,−7,24,,1987/88
13,Pisa,30,6,12,12,23,30,−7,24,,1987/88
14,Pescara,30,8,8,14,27,44,−17,24,,1987/88
15,Avellino,30,5,13,12,19,39,−20,23,Relegation to Serie B,1987/88
16,Empoli,30,6,13,11,20,30,−10,20,Relegation to Serie B,1987/88
1,Inter Milan,34,26,6,2,67,19,+48,58,Qualification to European Cup,1988/89
2,Napoli,34,18,11,5,57,28,+29,47,Qualification to UEFA Cup,1988/89
3,Milan,34,16,14,4,61,25,+36,46,Qualification to European Cup,1988/89
4,Juventus,34,15,13,6,51,36,+15,43,Qualification to UEFA Cup,1988/89
5,Sampdoria,34,14,11,9,43,25,+18,39,Qualification to Cup Winners' Cup,1988/89
6,Atalanta,34,11,14,9,37,32,+5,36,Qualification to UEFA Cup,1988/89
7,Fiorentina,34,12,10,12,44,43,+1,34,Qualification to UEFA Cup,1988/89
8,Roma,34,11,12,11,33,40,−7,34,,1988/89
9,Lecce,34,8,15,11,25,35,−10,31,,1988/89
10,Lazio,34,5,19,10,23,32,−9,29,,1988/89
11,Hellas Verona,34,5,19,10,18,27,−9,29,,1988/89
12,Ascoli,34,9,11,14,30,41,−11,29,,1988/89
13,Cesena,34,8,13,13,24,39,−15,29,,1988/89
14,Bologna,34,8,13,13,26,43,−17,29,,1988/89
15,Torino,34,8,11,15,37,49,−12,27,Relegation to Serie B,1988/89
16,Pescara,34,5,17,12,28,43,−15,27,Relegation to Serie B,1988/89
17,Pisa,34,6,11,17,17,39,−22,23,Relegation to Serie B,1988/89
18,Como,34,6,10,18,24,49,−25,22,Relegation to Serie B,1988/89
1,Napoli,34,21,9,4,57,31,+26,51,Qualification to European Cup,1989/90
2,Milan,34,22,5,7,56,27,+29,49,Qualification to European Cup,1989/90
3,Inter Milan,34,17,10,7,55,32,+23,44,Qualification to UEFA Cup,1989/90
4,Juventus,34,15,14,5,56,36,+20,44,Qualification to Cup Winners' Cup,1989/90
5,Sampdoria,34,16,11,7,46,26,+20,43,Qualification to Cup Winners' Cup,1989/90
6,Roma,34,14,13,7,45,40,+5,41,Qualification to UEFA Cup,1989/90
7,Atalanta,34,12,11,11,36,43,−7,35,Qualification to UEFA Cup,1989/90
8,Bologna,34,9,16,9,29,36,−7,34,Qualification to UEFA Cup,1989/90
9,Lazio,34,8,15,11,34,33,+1,31,,1989/90
10,Bari,34,6,19,9,34,37,−3,31,,1989/90
11,Genoa,34,6,17,11,27,31,−4,29,,1989/90
12,Fiorentina,34,7,14,13,41,42,−1,28,,1989/90
13,Cesena,34,6,16,12,26,36,−10,28,,1989/90
14,Lecce,34,10,8,16,29,46,−17,28,,1989/90
15,Udinese,34,6,15,13,37,51,−14,27,Relegation to Serie B,1989/90
16,Hellas Verona,34,6,13,15,27,44,−17,25,Relegation to Serie B,1989/90
17,Cremonese,34,5,13,16,29,50,−21,23,Relegation to Serie B,1989/90
18,Ascoli,34,4,13,17,20,43,−23,21,Relegation to Serie B,1989/90
1,Sampdoria,34,20,11,3,57,24,+33,51,Qualification to European Cup,1990/91
2,Milan,34,18,10,6,46,19,+27,46,Banned from European competition,1990/91
3,Inter Milan,34,18,10,6,56,31,+25,46,Qualification to UEFA Cup,1990/91
4,Genoa,34,14,12,8,51,36,+15,40,Qualification to UEFA Cup,1990/91
5,Torino,34,12,14,8,40,29,+11,38,Qualification to UEFA Cup,1990/91
6,Parma,34,13,12,9,35,31,+4,38,Qualification to UEFA Cup,1990/91
7,Juventus,34,13,11,10,45,32,+13,37,,1990/91
8,Napoli,34,11,15,8,37,37,0,37,,1990/91
9,Roma,34,11,14,9,43,37,+6,36,Qualification to Cup Winners' Cup,1990/91
10,Atalanta,34,11,13,10,38,37,+1,35,,1990/91
11,Lazio,34,8,19,7,33,36,−3,35,,1990/91
12,Fiorentina,34,8,15,11,40,34,+6,31,,1990/91
13,Bari,34,9,11,14,41,47,−6,29,,1990/91
14,Cagliari,34,6,17,11,29,44,−15,29,,1990/91
15,Lecce,34,6,13,15,20,47,−27,25,Relegation to Serie B,1990/91
16,Pisa,34,8,6,20,34,60,−26,22,Relegation to Serie B,1990/91
17,Cesena,34,5,9,20,28,58,−30,19,Relegation to Serie B,1990/91
18,Bologna,34,4,10,20,29,63,−34,18,Relegation to Serie B,1990/91
1,Milan,34,22,12,0,74,21,+53,56,Qualification to European Cup,1991/92
2,Juventus,34,18,12,4,45,22,+23,48,Qualification to UEFA Cup,1991/92
3,Torino,34,14,15,5,42,20,+22,43,Qualification to UEFA Cup,1991/92
4,Napoli,34,15,12,7,56,40,+16,42,Qualification to UEFA Cup,1991/92
5,Roma,34,13,14,7,37,31,+6,40,Qualification to UEFA Cup,1991/92
6,Sampdoria,34,11,16,7,38,31,+7,38,,1991/92
7,Parma,34,11,16,7,32,28,+4,38,Qualification to Cup Winners' Cup,1991/92
8,Inter Milan,34,10,17,7,28,28,0,37,,1991/92
9,Foggia,34,12,11,11,58,58,0,35,,1991/92
10,Lazio,34,11,12,11,43,40,+3,34,,1991/92
11,Atalanta,34,10,14,10,31,33,−2,34,,1991/92
12,Fiorentina,34,10,12,12,44,41,+3,32,,1991/92
13,Cagliari,34,7,15,12,30,34,−4,29,,1991/92
14,Genoa,34,9,11,14,35,47,−12,29,,1991/92
15,Bari,34,6,10,18,26,47,−21,22,Relegation to Serie B,1991/92
16,Hellas Verona,34,7,7,20,24,57,−33,21,Relegation to Serie B,1991/92
17,Cremonese,34,5,10,19,27,49,−22,20,Relegation to Serie B,1991/92
18,Ascoli,34,4,6,24,25,68,−43,14,Relegation to Serie B,1991/92
1,Milan,34,18,14,2,65,32,+33,50,Qualification to European Cup,1992/93
2,Inter Milan,34,17,12,5,59,36,+23,46,Qualification to UEFA Cup,1992/93
3,Parma,34,16,9,9,47,34,+13,41,Qualification to Cup Winners' Cup,1992/93
4,Juventus,34,15,9,10,59,47,+12,39,Qualification to UEFA Cup,1992/93
5,Lazio,34,13,12,9,65,51,+14,38,Qualification to UEFA Cup,1992/93
6,Cagliari,34,14,9,11,45,33,+12,37,Qualification to UEFA Cup,1992/93
7,Sampdoria,34,12,12,10,50,48,+2,36,,1992/93
8,Atalanta,34,14,8,12,42,44,−2,36,,1992/93
9,Torino,34,9,17,8,38,38,0,35,Qualification to Cup Winners' Cup,1992/93
10,Roma,34,8,17,9,42,39,+3,33,,1992/93
11,Napoli,34,10,12,12,49,50,−1,32,,1992/93
12,Foggia,34,10,12,12,39,55,−16,32,,1992/93
13,Genoa,34,7,17,10,41,55,−14,31,,1992/93
14,Udinese,34,10,10,14,42,48,−6,30,Relegation tie-breaker,1992/93
15,Brescia,34,9,12,13,36,44,−8,30,Serie B after tie-breaker,1992/93
16,Fiorentina,34,8,14,12,53,56,−3,30[c],Relegation to Serie B,1992/93
17,Ancona,34,6,7,21,39,73,−34,19,Relegation to Serie B,1992/93
18,Pescara,34,6,5,23,47,75,−28,17,Relegation to Serie B,1992/93
1,Milan,34,19,12,3,36,15,+21,50,Qualified to Champions League,1993/94
2,Juventus,34,17,13,4,58,25,+33,47,Qualification to UEFA Cup,1993/94
3,Lazio,34,17,10,7,55,40,+15,44,Qualification to UEFA Cup,1993/94
4,Sampdoria,34,18,8,8,64,39,+25,44,Qualification to Cup Winners' Cup,1993/94
5,Parma,34,17,7,10,50,35,+15,41,Qualification to UEFA Cup,1993/94
6,Napoli,34,12,12,10,41,35,+6,36,Qualification to UEFA Cup,1993/94
7,Roma,34,10,15,9,35,30,+5,35,,1993/94
8,Torino,34,11,12,11,39,37,+2,34,,1993/94
9,Foggia,34,10,13,11,46,46,0,33,,1993/94
10,Cremonese,34,8,16,10,41,41,0,32,,1993/94
11,Genoa,34,8,16,10,32,40,−8,32,,1993/94
12,Cagliari,34,10,12,12,39,48,−9,32,,1993/94
13,Inter Milan,34,11,9,14,46,45,+1,31,Qualification to UEFA Cup,1993/94
14,Reggiana,34,10,11,13,29,37,−8,31,,1993/94
15,Piacenza,34,8,14,12,32,43,−11,30,Relegation to Serie B,1993/94
16,Udinese,34,7,14,13,35,48,−13,28,Relegation to Serie B,1993/94
17,Atalanta,34,5,11,18,35,65,−30,21,Relegation to Serie B,1993/94
18,Lecce,34,3,5,26,28,72,−44,11,Relegation to Serie B,1993/94
1,Juventus,34,23,4,7,59,32,+27,73,Qualified to Champions League,1994/95
2,Parma,34,18,9,7,51,31,+20,63,Qualification to Cup Winners' Cup,1994/95
3,Lazio,34,19,6,9,69,34,+35,63,Qualification to UEFA Cup,1994/95
4,Milan,34,17,9,8,53,32,+21,60,Qualification to UEFA Cup,1994/95
5,Roma,34,16,11,7,46,25,+21,59,Qualification to UEFA Cup,1994/95
6,Inter Milan,34,14,10,10,39,34,+5,52,Qualification to UEFA Cup,1994/95
7,Napoli,34,13,12,9,40,45,−5,51,,1994/95
8,Sampdoria,34,13,11,10,51,37,+14,50,,1994/95
9,Cagliari,34,13,10,11,40,39,+1,49,,1994/95
10,Fiorentina,34,12,11,11,61,57,+4,47,,1994/95
11,Torino,34,12,9,13,44,48,−4,45,,1994/95
12,Bari,34,12,8,14,40,43,−3,44,,1994/95
13,Cremonese,34,11,8,15,35,38,−3,41,,1994/95
14,Padova,34,12,4,18,37,58,−21,40[a],Relegation tie-breaker,1994/95
15,Genoa,34,10,10,14,34,49,−15,40[b],Serie B after tie-breaker,1994/95
16,Foggia,34,8,10,16,32,50,−18,34,Relegation to Serie B,1994/95
17,Reggiana,34,4,6,24,24,56,−32,18,Relegation to Serie B,1994/95
18,Brescia,34,2,6,26,18,65,−47,12,Relegation to Serie B,1994/95
1,Milan,34,21,10,3,60,24,+36,73,Qualified to Champions League,1995/96
2,Juventus,34,19,8,7,58,35,+23,65[a],Qualified to Champions League,1995/96
3,Lazio,34,17,8,9,66,38,+28,59,Qualification to UEFA Cup,1995/96
4,Fiorentina,34,17,8,9,53,41,+12,59,Qualification to Cup Winners' Cup,1995/96
5,Roma,34,16,10,8,51,34,+17,58[b],Qualification to UEFA Cup,1995/96
6,Parma,34,16,10,8,44,31,+13,58,Qualification to UEFA Cup,1995/96
7,Inter Milan,34,15,9,10,51,30,+21,54,Qualification to UEFA Cup,1995/96
8,Sampdoria,34,14,10,10,59,47,+12,52,,1995/96
9,Vicenza,34,13,10,11,36,37,−1,49,,1995/96
10,Cagliari,34,11,8,15,34,47,−13,41[c],,1995/96
11,Udinese,34,11,8,15,41,49,−8,41,,1995/96
12,Napoli,34,10,11,13,28,41,−13,41,,1995/96
13,Atalanta,34,11,6,17,38,50,−12,39,,1995/96
14,Piacenza,34,9,10,15,31,48,−17,37,,1995/96
15,Bari,34,8,8,18,49,71,−22,32,Relegation to Serie B,1995/96
16,Torino,34,6,11,17,28,46,−18,29,Relegation to Serie B,1995/96
17,Cremonese,34,5,12,17,37,57,−20,27,Relegation to Serie B,1995/96
18,Padova,34,7,3,24,41,79,−38,24,Relegation to Serie B,1995/96
1,Juventus,34,17,14,3,51,24,+27,65,Qualified to Champions League group stage,1996/97
2,Parma,34,18,9,7,41,26,+15,63,Qualified to Champions League qualifying round,1996/97
3,Inter Milan,34,15,14,5,51,35,+16,59,Qualification to UEFA Cup,1996/97
4,Lazio,34,15,10,9,54,37,+17,55,Qualification to UEFA Cup,1996/97
5,Udinese,34,15,9,10,53,41,+12,54,Qualification to UEFA Cup,1996/97
6,Sampdoria,34,14,11,9,60,46,+14,53,Qualification to UEFA Cup,1996/97
7,Bologna,34,13,10,11,50,44,+6,49,,1996/97
8,Vicenza,34,12,11,11,43,38,+5,47,Qualification to Cup Winners' Cup,1996/97
9,Fiorentina,34,10,15,9,46,41,+5,45,,1996/97
10,Atalanta,34,11,11,12,44,46,−2,44,,1996/97
11,Milan,34,11,10,13,43,45,−2,43,,1996/97
12,Roma,34,10,11,13,46,47,−1,41[a],,1996/97
13,Napoli,34,9,14,11,38,45,−7,41,,1996/97
14,Piacenza,34,7,16,11,29,45,−16,37[b],Relegation tie-breaker,1996/97
15,Cagliari,34,9,10,15,45,55,−10,37[c],Serie B after tie-breaker,1996/97
16,Perugia,34,10,7,17,48,62,−14,37[d],Relegation to Serie B,1996/97
17,Hellas Verona,34,6,9,19,38,64,−26,27,Relegation to Serie B,1996/97
18,Reggiana,34,2,13,19,28,67,−39,19,Relegation to Serie B,1996/97
1,Juventus,34,21,11,2,67,28,+39,74,Qualification to Champions League group stage,1997/98
2,Inter Milan,34,21,6,7,62,27,+35,69,Qualification to Champions League second qualifying round,1997/98
3,Udinese,34,19,7,8,62,40,+22,64,Qualification to UEFA Cup,1997/98
4,Roma,34,16,11,7,67,42,+25,59,Qualification to UEFA Cup,1997/98
5,Fiorentina,34,15,12,7,65,36,+29,57[a],Qualification to UEFA Cup,1997/98
6,Parma,34,15,12,7,55,39,+16,57,Qualification to UEFA Cup,1997/98
7,Lazio,34,16,8,10,53,30,+23,56,Qualification to Cup Winners' Cup,1997/98
8,Bologna,34,12,12,10,55,46,+9,48[b],Qualification to Intertoto Cup third round[1],1997/98
9,Sampdoria,34,13,9,12,52,55,−3,48,Qualification to Intertoto Cup second round,1997/98
10,Milan,34,11,11,12,37,43,−6,44,,1997/98
11,Bari,34,10,8,16,30,45,−15,38,,1997/98
12,Piacenza,34,7,16,11,29,38,−9,37,,1997/98
13,Empoli,34,10,7,17,50,58,−8,37,,1997/98
14,Vicenza,34,9,9,16,36,61,−25,36,,1997/98
15,Brescia,34,9,8,17,45,63,−18,35,Relegation to Serie B,1997/98
16,Atalanta,34,7,11,16,25,48,−23,32,Relegation to Serie B,1997/98
17,Lecce,34,6,8,20,32,72,−40,26,Relegation to Serie B,1997/98
18,Napoli,34,2,8,24,25,76,−51,14,Relegation to Serie B,1997/98
1,Milan,34,20,10,4,59,34,+25,70,Qualification to Champions League group stage,1998/99
2,Lazio,34,20,9,5,65,31,+34,69,Qualification to Champions League group stage,1998/99
3,Fiorentina,34,16,8,10,55,41,+14,56,Qualification to Champions League third qualifying round[1],1998/99
4,Parma,34,15,10,9,55,36,+19,55,Qualification to Champions League third qualifying round[1],1998/99
5,Roma,34,15,9,10,69,49,+20,54[a],Qualification to UEFA Cup first round,1998/99
6,Udinese,34,16,6,12,52,52,0,54,Qualification to UEFA Cup first round,1998/99
7,Juventus,34,15,9,10,42,36,+6,54,Qualification to Intertoto Cup third round[2],1998/99
8,Inter Milan,34,13,7,14,59,54,+5,46,,1998/99
9,Bologna,34,11,11,12,44,47,−3,44,Qualification to UEFA Cup first round,1998/99
10,Bari,34,9,15,10,39,44,−5,42[e],,1998/99
11,Venezia,34,11,9,14,38,45,−7,42[e],,1998/99
12,Piacenza,34,11,8,15,48,49,−1,41[f],,1998/99
13,Cagliari,34,11,8,15,49,50,−1,41[f],,1998/99
14,Perugia,34,11,6,17,43,61,−18,39,Qualification to Intertoto Cup second round,1998/99
15,Salernitana,34,10,8,16,37,51,−14,38,Relegation to Serie B,1998/99
16,Sampdoria,34,9,10,15,38,55,−17,37,Relegation to Serie B,1998/99
17,Vicenza,34,8,9,17,27,47,−20,33,Relegation to Serie B,1998/99
18,Empoli,34,4,10,20,26,63,−37,20,Relegation to Serie B,1998/99
1,Lazio,34,21,9,4,64,33,+31,72,Qualification to Champions League first group stage,1999/2000
2,Juventus,34,21,8,5,46,20,+26,71,Qualification to Champions League first group stage,1999/2000
3,Milan,34,16,13,5,65,40,+25,61,Qualification to Champions League third qualifying round[3],1999/2000
4,Inter Milan,34,17,7,10,58,36,+22,58,Qualification to Champions League third qualifying round[3],1999/2000
5,Parma,34,16,10,8,52,37,+15,58,Qualification to UEFA Cup first round,1999/2000
6,Roma,34,14,12,8,57,34,+23,54,Qualification to UEFA Cup first round,1999/2000
7,Fiorentina,34,13,12,9,48,38,+10,51,Qualification to UEFA Cup first round,1999/2000
8,Udinese,34,13,11,10,55,45,+10,50,Qualification to Intertoto Cup third round[4],1999/2000
9,Hellas Verona,34,10,13,11,40,45,−5,43,,1999/2000
10,Perugia,34,12,6,16,36,52,−16,42,Qualification to Intertoto Cup second round,1999/2000
11,Reggina,34,9,13,12,31,42,−11,40[d],,1999/2000
12,Bologna,34,9,13,12,32,39,−7,40[d],,1999/2000
13,Lecce,34,10,10,14,33,49,−16,40[d],,1999/2000
14,Bari,34,10,9,15,34,48,−14,39,,1999/2000
15,Torino,34,8,12,14,35,47,−12,36,Relegation to Serie B,1999/2000
16,Venezia,34,6,8,20,30,60,−30,26,Relegation to Serie B,1999/2000
17,Cagliari,34,3,13,18,29,54,−25,22,Relegation to Serie B,1999/2000
18,Piacenza,34,4,9,21,19,45,−26,21,Relegation to Serie B,1999/2000
1,Roma,34,22,9,3,68,33,+35,75,Qualification to Champions League first group stage,2000/01
2,Juventus,34,21,10,3,61,27,+34,73,Qualification to Champions League first group stage,2000/01
3,Lazio,34,21,6,7,65,36,+29,69,Qualification to Champions League third qualifying round[6],2000/01
4,Parma,34,16,8,10,51,31,+20,56,Qualification to Champions League third qualifying round[6],2000/01
5,Inter Milan,34,14,9,11,47,47,0,51,Qualification to UEFA Cup first round,2000/01
6,Milan,34,12,13,9,56,46,+10,49,Qualification to UEFA Cup first round,2000/01
7,Atalanta,34,10,14,10,38,34,+4,44[a],,2000/01
8,Brescia,34,10,14,10,44,42,+2,44[a],Qualification to Intertoto Cup third round,2000/01
9,Fiorentina,34,10,13,11,53,52,+1,43,Qualification to UEFA Cup first round,2000/01
10,Bologna,34,11,10,13,49,53,−4,43,,2000/01
11,Perugia,34,10,12,12,49,53,−4,42,,2000/01
12,Udinese,34,11,5,18,49,59,−10,38,,2000/01
13,Lecce,34,8,13,13,40,54,−14,37[d],,2000/01
14,Hellas Verona,34,10,7,17,40,59,−19,37[d],Relegation tie-breaker,2000/01
15,Reggina,34,10,7,17,32,49,−17,37[d],Serie B after tie-breaker,2000/01
16,Vicenza,34,9,9,16,37,51,−14,36[f],Relegation to Serie B,2000/01
17,Napoli,34,8,12,14,35,51,−16,36[f],Relegation to Serie B,2000/01
18,Bari,34,5,5,24,31,68,−37,20,Relegation to Serie B,2000/01
1,Juventus,34,20,11,3,64,23,+41,71,Qualification to Champions League first group stage,2001/02
2,Roma,34,19,13,2,58,24,+34,70,Qualification to Champions League first group stage,2001/02
3,Inter Milan,34,20,9,5,62,35,+27,69,Qualification to Champions League third qualifying round,2001/02
4,Milan,34,14,13,7,47,33,+14,55,Qualification to Champions League third qualifying round,2001/02
5,Chievo,34,14,12,8,57,52,+5,54,Qualification to UEFA Cup first round,2001/02
6,Lazio,34,14,11,9,50,37,+13,53,Qualification to UEFA Cup first round,2001/02
7,Bologna,34,15,7,12,40,40,0,52,Qualification to Intertoto Cup third round,2001/02
8,Perugia,34,13,7,14,38,46,−8,46,Qualification to Intertoto Cup third round,2001/02
9,Atalanta,34,12,9,13,41,50,−9,45,,2001/02
10,Parma,34,12,8,14,43,47,−4,44,Qualification to UEFA Cup first round,2001/02
11,Torino,34,10,13,11,37,39,−2,43,Qualification to Intertoto Cup second round,2001/02
12,Piacenza,34,11,9,14,49,43,+6,42,,2001/02
13,Brescia,34,9,13,12,43,52,−9,40[c],,2001/02
14,Udinese,34,11,7,16,41,52,−11,40[c],,2001/02
15,Hellas Verona,34,11,6,17,41,53,−12,39,Relegation to Serie B,2001/02
16,Lecce,34,6,10,18,36,56,−20,28,Relegation to Serie B,2001/02
17,Fiorentina,34,5,7,22,29,63,−34,22,Phoenix in Serie C2,2001/02
18,Venezia,34,3,9,22,30,61,−31,18,Relegation to Serie B,2001/02
1,Juventus,34,21,9,4,64,29,+35,72,Qualification to Champions League group stage,2002/03
2,Inter Milan,34,19,8,7,64,38,+26,65,Qualification to Champions League group stage,2002/03
3,Milan,34,18,7,9,55,30,+25,61,Qualification to Champions League group stage,2002/03
4,Lazio,34,15,15,4,57,32,+25,60,Qualification to Champions League third qualifying round,2002/03
5,Parma,34,15,11,8,55,36,+19,56[b],Qualification to UEFA Cup first round,2002/03
6,Udinese,34,16,8,10,38,35,+3,56,Qualification to UEFA Cup first round,2002/03
7,Chievo,34,16,7,11,51,39,+12,55,,2002/03
8,Roma,34,13,10,11,55,46,+9,49,Qualification to UEFA Cup first round,2002/03
9,Brescia,34,9,15,10,36,38,−2,42[d],Qualification to Intertoto Cup second round,2002/03
10,Perugia,34,10,12,12,40,48,−8,42,Qualification to Intertoto Cup third round[5],2002/03
11,Bologna,34,10,11,13,39,47,−8,41,,2002/03
12,Modena,34,9,11,14,30,48,−18,38[f],,2002/03
13,Empoli,34,9,11,14,36,46,−10,38[f],,2002/03
14,Reggina,34,10,8,16,38,53,−15,38[f],Relegation tie-breaker,2002/03
15,Atalanta,34,8,14,12,35,47,−12,38,Serie B after tie-breaker[g],2002/03
16,Piacenza,34,8,6,20,44,62,−18,30,Relegation to Serie B,2002/03
17,Como,34,4,12,18,29,57,−28,24,Relegation to Serie B,2002/03
18,Torino,34,4,9,21,23,58,−35,21,Relegation to Serie B,2002/03
1,Milan,34,25,7,2,65,24,+41,82,Qualification to Champions League group stage,2003/04
2,Roma,34,21,8,5,68,19,+49,71,Qualification to Champions League group stage,2003/04
3,Juventus,34,21,6,7,67,42,+25,69,Qualification to Champions League third qualifying round,2003/04
4,Inter Milan,34,17,8,9,59,37,+22,59,Qualification to Champions League third qualifying round,2003/04
5,Parma,34,16,10,8,57,46,+11,58,Qualification to UEFA Cup first round,2003/04
6,Lazio,34,16,8,10,52,38,+14,56,Qualification to UEFA Cup first round,2003/04
7,Udinese,34,13,11,10,44,40,+4,50,Qualification to UEFA Cup first round,2003/04
8,Sampdoria,34,11,13,10,40,42,−2,46,,2003/04
9,Chievo,34,11,11,12,36,37,−1,44,,2003/04
10,Lecce,34,11,8,15,43,56,−13,41,,2003/04
11,Brescia,34,9,13,12,52,57,−5,40,,2003/04
12,Bologna,34,10,9,15,45,53,−8,39,,2003/04
13,Reggina,34,6,16,12,29,45,−16,34[b],,2003/04
14,Siena,34,8,10,16,41,54,−13,34[b],,2003/04
15,Perugia,34,6,14,14,44,56,−12,32,Relegation play-off,2003/04
16,Modena,34,6,12,16,27,46,−19,30[c],Relegation to Serie B,2003/04
17,Empoli,34,7,9,18,26,54,−28,30[c],Relegation to Serie B,2003/04
18,Ancona,34,2,7,25,21,70,−49,13,Phoenix in Serie C2,2003/04
1,Juventus,38,26,8,4,67,27,+40,86,Qualification to Champions League group stage,2004/05
2,Milan,38,23,10,5,63,28,+35,79,Qualification to Champions League group stage,2004/05
3,Inter Milan,38,18,18,2,65,37,+28,72,Qualification to Champions League third qualifying round,2004/05
4,Udinese,38,17,11,10,56,40,+16,62,Qualification to Champions League third qualifying round,2004/05
5,Sampdoria,38,17,10,11,42,29,+13,61,Qualification to UEFA Cup first round,2004/05
6,Palermo,38,12,17,9,48,44,+4,53,Qualification to UEFA Cup first round,2004/05
7,Messina,38,12,12,14,44,52,−8,48,,2004/05
8,Roma,38,11,12,15,55,58,−3,45,Qualification to UEFA Cup first round,2004/05
9,Livorno,38,11,12,15,49,60,−11,45,,2004/05
10,Reggina,38,10,14,14,36,45,−9,44,,2004/05
11,Lecce,38,10,14,14,66,73,−7,44,,2004/05
12,Cagliari,38,10,14,14,51,60,−9,44,,2004/05
13,Lazio,38,11,11,16,48,53,−5,44,Qualification to Intertoto Cup third round,2004/05
14,Siena,38,9,16,13,44,55,−11,43,,2004/05
15,Chievo,38,11,10,17,32,49,−17,43,,2004/05
16,Fiorentina,38,9,15,14,42,50,−8,42,,2004/05
17,Parma,38,10,12,16,48,65,−17,42,Relegation tie-breaker,2004/05
18,Bologna,38,9,15,14,33,36,−3,42,Serie B after tie-breaker,2004/05
19,Brescia,38,11,8,19,37,54,−17,41,Relegation to Serie B,2004/05
20,Atalanta,38,8,11,19,34,45,−11,35,Relegation to Serie B,2004/05
1,Inter Milan,38,23,7,8,68,30,+38,76,Qualification to Champions League group stage,2005/06
2,Roma,38,19,12,7,70,42,+28,69,Qualification to Champions League group stage,2005/06
3,Milan,38,28,4,6,85,31,+54,58,Qualification to Champions League third qualifying round[2],2005/06
4,Chievo,38,13,15,10,54,49,+5,54,Qualification to Champions League third qualifying round[2],2005/06
5,Palermo,38,13,13,12,50,52,−2,52,Qualification to UEFA Cup first round,2005/06
6,Livorno,38,12,13,13,37,44,−7,49,Qualification to UEFA Cup first round,2005/06
7,Parma,38,12,9,17,46,60,−14,45,Qualification to UEFA Cup first round,2005/06
8,Empoli,38,13,6,19,47,61,−14,45,,2005/06
9,Fiorentina,38,22,8,8,66,41,+25,44,,2005/06
10,Ascoli,38,9,16,13,43,53,−10,43,,2005/06
11,Udinese,38,11,10,17,40,54,−14,43,,2005/06
12,Sampdoria,38,10,11,17,47,51,−4,41,,2005/06
13,Reggina,38,11,8,19,39,65,−26,41,,2005/06
14,Cagliari,38,8,15,15,42,55,−13,39,,2005/06
15,Siena,38,9,12,17,42,60,−18,39,,2005/06
16,Lazio,38,16,14,8,57,47,+10,32,,2005/06
17,Messina,38,6,13,19,33,59,−26,31,,2005/06
18,Lecce,38,7,8,23,30,57,−27,29,Relegation to Serie B,2005/06
19,Treviso,38,3,12,23,24,56,−32,21,Relegation to Serie B,2005/06
20,Juventus,38,27,10,1,71,24,+47,91,"Placed last, relegation to Serie B and disqualified from the Champions League group stage",2005/06
1,Inter Milan,38,30,7,1,80,34,+46,97,Qualification to Champions League group stage[a],2006/07
2,Roma,38,22,9,7,74,34,+40,75,Qualification to Champions League group stage[a],2006/07
3,Lazio,38,18,11,9,59,33,+26,62,Qualification to Champions League third qualifying round,2006/07
4,Milan,38,19,12,7,57,36,+21,61,Qualification to Champions League group stage[a],2006/07
5,Palermo,38,16,10,12,58,51,+7,58,Qualification to UEFA Cup first round,2006/07
6,Fiorentina,38,21,10,7,62,31,+31,58,Qualification to UEFA Cup first round,2006/07
7,Empoli,38,14,12,12,42,43,−1,54,Qualification to UEFA Cup first round,2006/07
8,Atalanta,38,12,14,12,56,54,+2,50,,2006/07
9,Sampdoria,38,13,10,15,44,48,−4,49,Qualification to Intertoto Cup third round[c],2006/07
10,Udinese,38,12,10,16,49,55,−6,46,,2006/07
11,Livorno,38,10,13,15,41,54,−13,43,,2006/07
12,Parma,38,10,12,16,41,56,−15,42,,2006/07
13,Catania,38,10,11,17,46,68,−22,41,,2006/07
14,Reggina,38,12,15,11,52,50,+2,40,,2006/07
15,Siena,38,9,14,15,35,45,−10,40,,2006/07
16,Torino,38,10,10,18,27,47,−20,40,,2006/07
17,Cagliari,38,9,13,16,35,46,−11,40,,2006/07
18,Chievo,38,9,12,17,38,48,−10,39,Relegation to Serie B,2006/07
19,Ascoli,38,5,12,21,36,67,−31,27,Relegation to Serie B,2006/07
20,Messina,38,5,11,22,37,69,−32,26,Relegation to Serie B,2006/07
1,Inter Milan,38,25,10,3,69,26,+43,85,Qualification to Champions League group stage,2007/08
2,Roma,38,24,10,4,72,37,+35,82,Qualification to Champions League group stage,2007/08
3,Juventus,38,20,12,6,72,37,+35,72,Qualification to Champions League third qualifying round,2007/08
4,Fiorentina,38,19,9,10,55,39,+16,66,Qualification to Champions League third qualifying round,2007/08
5,Milan,38,18,10,10,66,38,+28,64,Qualification to UEFA Cup first round[a],2007/08
6,Sampdoria,38,17,9,12,56,46,+10,60,Qualification to UEFA Cup first round[a],2007/08
7,Udinese,38,16,9,13,48,53,−5,57,Qualification to UEFA Cup first round[a],2007/08
8,Napoli,38,14,8,16,50,53,−3,50,Qualification to Intertoto Cup third round[10],2007/08
9,Atalanta,38,12,12,14,52,56,−4,48[b],,2007/08
10,Genoa,38,13,9,16,44,52,−8,48[b],,2007/08
11,Palermo,38,12,11,15,47,57,−10,47,,2007/08
12,Lazio,38,11,13,14,47,51,−4,46,,2007/08
13,Siena,38,9,17,12,40,45,−5,44,,2007/08
14,Cagliari,38,11,9,18,40,56,−16,42,,2007/08
15,Torino,38,8,16,14,36,49,−13,40[d],,2007/08
16,Reggina,38,9,13,16,37,56,−19,40[d],,2007/08
17,Catania,38,8,13,17,33,45,−12,37,,2007/08
18,Empoli,38,9,9,20,29,52,−23,36,Relegation to Serie B,2007/08
19,Parma,38,7,13,18,42,62,−20,34,Relegation to Serie B,2007/08
20,Livorno,38,6,12,20,35,60,−25,30,Relegation to Serie B,2007/08
1,Inter Milan,38,25,9,4,70,32,+38,84,Qualification to Champions League group stage,2008/09
2,Juventus,38,21,11,6,69,37,+32,74[a],Qualification to Champions League group stage,2008/09
3,Milan,38,22,8,8,70,35,+35,74[a],Qualification to Champions League group stage,2008/09
4,Fiorentina,38,21,5,12,53,38,+15,68[b],Qualification to Champions League play-off round,2008/09
5,Genoa,38,19,11,8,56,39,+17,68[b],Qualification to Europa League play-off round[c],2008/09
6,Roma,38,18,9,11,64,61,+3,63,Qualification to Europa League third qualifying round,2008/09
7,Udinese,38,16,10,12,61,50,+11,58,,2008/09
8,Palermo,38,17,6,15,57,50,+7,57,,2008/09
9,Cagliari,38,15,8,15,49,50,−1,53,,2008/09
10,Lazio,38,15,5,18,46,55,−9,50,Qualification to Europa League play-off round[c],2008/09
11,Atalanta,38,13,8,17,45,48,−3,47,,2008/09
12,Napoli,38,12,10,16,43,45,−2,46[d],,2008/09
13,Sampdoria,38,11,13,14,49,52,−3,46[d],,2008/09
14,Siena,38,12,8,18,33,44,−11,44,,2008/09
15,Catania,38,12,7,19,41,51,−10,43,,2008/09
16,Chievo,38,8,14,16,35,49,−14,38,,2008/09
17,Bologna,38,9,10,19,43,62,−19,37,,2008/09
18,Torino,38,8,10,20,37,61,−24,34,Relegation to Serie B,2008/09
19,Reggina,38,6,13,19,30,62,−32,31,Relegation to Serie B,2008/09
20,Lecce,38,5,15,18,37,67,−30,30,Relegation to Serie B,2008/09
1,Inter Milan,38,24,10,4,75,34,+41,82,Qualification to Champions League group stage,2009/10
2,Roma,38,24,8,6,68,41,+27,80,Qualification to Champions League group stage,2009/10
3,Milan,38,20,10,8,60,39,+21,70,Qualification to Champions League group stage,2009/10
4,Sampdoria,38,19,10,9,49,41,+8,67,Qualification to Champions League play-off round,2009/10
5,Palermo,38,18,11,9,59,47,+12,65,Qualification to Europa League play-off round,2009/10
6,Napoli,38,15,14,9,50,43,+7,59,Qualification to Europa League play-off round,2009/10
7,Juventus,38,16,7,15,55,56,−1,55,Qualification to Europa League third qualifying round,2009/10
8,Parma,38,14,10,14,46,51,−5,52,,2009/10
9,Genoa,38,14,9,15,57,61,−4,51,,2009/10
10,Bari,38,13,11,14,49,49,0,50,,2009/10
11,Fiorentina,38,13,8,17,48,47,+1,47,,2009/10
12,Lazio,38,11,13,14,39,43,−4,46,,2009/10
13,Catania,38,10,15,13,44,45,−1,45,,2009/10
14,Chievo,38,12,8,18,37,42,−5,44[a],,2009/10
15,Udinese,38,11,11,16,54,59,−5,44[a],,2009/10
16,Cagliari,38,11,11,16,56,58,−2,44[a],,2009/10
17,Bologna,38,10,12,16,42,55,−13,42,,2009/10
18,Atalanta,38,9,8,21,37,53,−16,35,Relegation to Serie B,2009/10
19,Siena,38,7,10,21,40,67,−27,31,Relegation to Serie B,2009/10
20,Livorno,38,7,8,23,27,61,−34,29,Relegation to Serie B,2009/10
1,Milan,38,24,10,4,65,24,+41,82,Qualification to Champions League group stage,2010/11
2,Inter Milan,38,23,7,8,69,42,+27,76,Qualification to Champions League group stage,2010/11
3,Napoli,38,21,7,10,59,39,+20,70,Qualification to Champions League group stage,2010/11
4,Udinese,38,20,6,12,65,43,+22,66[a],Qualification to Champions League play-off round,2010/11
5,Lazio,38,20,6,12,55,39,+16,66[a],Qualification to Europa League play-off round[b],2010/11
6,Roma,38,18,9,11,59,52,+7,63,Qualification to Europa League play-off round[b],2010/11
7,Juventus,38,15,13,10,57,47,+10,58,,2010/11
8,Palermo,38,17,5,16,58,63,−5,56,Qualification to Europa League third qualifying round[b],2010/11
9,Fiorentina,38,12,15,11,49,44,+5,51[c],,2010/11
10,Genoa,38,14,9,15,45,47,−2,51[c],,2010/11
11,Chievo,38,11,13,14,38,40,−2,46[d],,2010/11
12,Parma,38,11,13,14,39,47,−8,46[d],,2010/11
13,Catania,38,12,10,16,40,52,−12,46[d],,2010/11
14,Cagliari,38,12,9,17,44,51,−7,45,,2010/11
15,Cesena,38,11,10,17,38,50,−12,43,,2010/11
16,Bologna,38,11,12,15,35,52,−17,42[e],,2010/11
17,Lecce,38,11,8,19,46,66,−20,41,,2010/11
18,Sampdoria,38,8,12,18,33,49,−16,36,Relegation to Serie B,2010/11
19,Brescia,38,7,11,20,34,52,−18,32,Relegation to Serie B,2010/11
20,Bari,38,5,9,24,27,56,−29,24,Relegation to Serie B,2010/11
1,Juventus,38,23,15,0,68,20,+48,84,Qualification to Champions League group stage,2011/12
2,Milan,38,24,8,6,74,33,+41,80,Qualification to Champions League group stage,2011/12
3,Udinese,38,18,10,10,52,35,+17,64,Qualification to Champions League play-off round,2011/12
4,Lazio,38,18,8,12,56,47,+9,62,Qualification to Europa League play-off round,2011/12
5,Napoli,38,16,13,9,66,46,+20,61,Qualification to Europa League group stage[a],2011/12
6,Inter Milan,38,17,7,14,58,55,+3,58,Qualification to Europa League third qualifying round[a],2011/12
7,Roma,38,16,8,14,60,54,+6,56[b],,2011/12
8,Parma,38,15,11,12,54,53,+1,56[b],,2011/12
9,Bologna,38,13,12,13,41,43,−2,51,,2011/12
10,Chievo,38,12,13,13,35,45,−10,49,,2011/12
11,Catania,38,11,15,12,47,52,−5,48,,2011/12
12,Atalanta,38,13,13,12,41,43,−2,46[d],,2011/12
13,Fiorentina,38,11,13,14,37,43,−6,46[d],,2011/12
14,Siena,38,11,11,16,45,45,0,44,,2011/12
15,Cagliari,38,10,13,15,37,46,−9,43[e],,2011/12
16,Palermo,38,11,10,17,52,62,−10,43[e],,2011/12
17,Genoa,38,11,9,18,50,69,−19,42,,2011/12
18,Lecce,38,8,12,18,40,56,−16,36,Relegation to Serie C1[f],2011/12
19,Novara,38,7,11,20,35,65,−30,32,Relegation to Serie B,2011/12
20,Cesena,38,4,10,24,24,60,−36,22,Relegation to Serie B,2011/12
1,Juventus,38,27,6,5,71,24,+47,87,Qualification for the Champions League group stage,2012/13
2,Napoli,38,23,9,6,73,36,+37,78,Qualification for the Champions League group stage,2012/13
3,Milan,38,21,9,8,67,39,+28,72,Qualification for the Champions League play-off round,2012/13
4,Fiorentina,38,21,7,10,72,44,+28,70,Qualification for the Europa League play-off round,2012/13
5,Udinese,38,18,12,8,59,45,+14,66,Qualification for the Europa League third qualifying round,2012/13
6,Roma,38,18,8,12,71,56,+15,62,,2012/13
7,Lazio,38,18,7,13,51,42,+9,61,Qualification for the Europa League group stage[a],2012/13
8,Catania,38,15,11,12,50,46,+4,56,,2012/13
9,Inter Milan,38,16,6,16,55,57,−2,54,,2012/13
10,Parma,38,13,10,15,45,46,−1,49,,2012/13
11,Cagliari,38,12,11,15,43,55,−12,47,,2012/13
12,Chievo,38,12,9,17,37,52,−15,45,,2012/13
13,Bologna,38,11,11,16,46,52,−6,44,,2012/13
14,Sampdoria,38,11,10,17,43,51,−8,42[b],,2012/13
15,Atalanta,38,11,9,18,39,56,−17,40[c],,2012/13
16,Torino,38,8,16,14,46,55,−9,39[b],,2012/13
17,Genoa,38,8,14,16,38,52,−14,38,,2012/13
18,Palermo,38,6,14,18,34,54,−20,32,Relegation to Serie B,2012/13
19,Siena,38,9,9,20,36,57,−21,30[d],Relegation to Serie B,2012/13
20,Pescara,38,6,4,28,27,84,−57,22,Relegation to Serie B,2012/13
1,Juventus,38,33,3,2,80,23,+57,102,Qualification for the Champions League group stage,2013/14
2,Roma,38,26,7,5,72,25,+47,85,Qualification for the Champions League group stage,2013/14
3,Napoli,38,23,9,6,77,39,+38,78,Qualification for the Champions League play-off round,2013/14
4,Fiorentina,38,19,8,11,65,44,+21,65,Qualification for the Europa League group stage[a],2013/14
5,Inter Milan,38,15,15,8,62,39,+23,60,Qualification for the Europa League play-off round[a],2013/14
6,Parma,38,15,13,10,58,46,+12,58,,2013/14
7,Torino,38,15,12,11,58,48,+10,57[b],Qualification for the Europa League third qualifying round[c],2013/14
8,Milan,38,16,9,13,57,49,+8,57[b],,2013/14
9,Lazio,38,15,11,12,54,54,0,56,,2013/14
10,Hellas Verona,38,16,6,16,62,68,−6,54,,2013/14
11,Atalanta,38,15,5,18,43,51,−8,50,,2013/14
12,Sampdoria,38,12,9,17,48,62,−14,45,,2013/14
13,Udinese,38,12,8,18,46,57,−11,44[d],,2013/14
14,Genoa,38,11,11,16,41,50,−9,44[d],,2013/14
15,Cagliari,38,9,12,17,34,53,−19,39,,2013/14
16,Chievo,38,10,6,22,34,54,−20,36,,2013/14
17,Sassuolo,38,9,7,22,43,72,−29,34,,2013/14
18,Catania,38,8,8,22,34,66,−32,32,Relegation to Serie B,2013/14
19,Bologna,38,5,14,19,28,58,−30,29,Relegation to Serie B,2013/14
20,Livorno,38,6,7,25,39,77,−38,25,Relegation to Serie B,2013/14
1,Juventus,38,26,9,3,72,24,+48,87,Qualification for the Champions League group stage,2014/15
2,Roma,38,19,13,6,54,31,+23,70,Qualification for the Champions League group stage,2014/15
3,Lazio,38,21,6,11,71,38,+33,69,Qualification for the Champions League play-off round,2014/15
4,Fiorentina,38,18,10,10,61,46,+15,64,Qualification for the Europa League group stage[a],2014/15
5,Napoli,38,18,9,11,70,54,+16,63,Qualification for the Europa League group stage[a],2014/15
6,Genoa,38,16,11,11,62,47,+15,59,,2014/15
7,Sampdoria,38,13,17,8,48,42,+6,56,Qualification for the Europa League third qualifying round[a],2014/15
8,Inter Milan,38,14,13,11,59,48,+11,55,,2014/15
9,Torino,38,14,12,12,48,45,+3,54,,2014/15
10,Milan,38,13,13,12,56,50,+6,52,,2014/15
11,Palermo,38,12,13,13,53,55,−2,49[c],,2014/15
12,Sassuolo,38,12,13,13,49,57,−8,49[c],,2014/15
13,Hellas Verona,38,11,13,14,49,65,−16,46,,2014/15
14,Chievo,38,10,13,15,28,41,−13,43,,2014/15
15,Empoli,38,8,18,12,46,52,−6,42,,2014/15
16,Udinese,38,10,11,17,43,56,−13,41,,2014/15
17,Atalanta,38,7,16,15,38,57,−19,37,,2014/15
18,Cagliari,38,8,10,20,48,68,−20,34,Relegation to Serie B,2014/15
19,Cesena,38,4,12,22,36,73,−37,24,Relegation to Serie B,2014/15
20,Parma,38,6,8,24,33,75,−42,19[d],Relegation to Serie D,2014/15
1,Juventus,38,29,4,5,75,20,+55,91,Qualification to Champions League group stage,2015/16
2,Napoli,38,25,7,6,80,32,+48,82,Qualification to Champions League group stage,2015/16
3,Roma,38,23,11,4,83,41,+42,80,Qualification to Champions League play-off round,2015/16
4,Inter Milan,38,20,7,11,50,38,+12,67,Qualification to Europa League group stage[a],2015/16
5,Fiorentina,38,18,10,10,60,42,+18,64,Qualification to Europa League group stage[a],2015/16
6,Sassuolo,38,16,13,9,49,40,+9,61,Qualification to Europa League third qualifying round,2015/16
7,Milan,38,15,12,11,49,43,+6,57,,2015/16
8,Lazio,38,15,9,14,52,52,0,54,,2015/16
9,Chievo,38,13,11,14,43,45,−2,50,,2015/16
10,Empoli,38,12,10,16,40,49,−9,46[b],,2015/16
11,Genoa,38,13,7,18,45,48,−3,46[b],,2015/16
12,Torino,38,12,9,17,52,55,−3,45[c],,2015/16
13,Atalanta,38,11,12,15,41,47,−6,45[c],,2015/16
14,Bologna,38,11,9,18,33,45,−12,42,,2015/16
15,Sampdoria,38,10,10,18,48,61,−13,40,,2015/16
16,Palermo,38,10,9,19,38,65,−27,39[d],,2015/16
17,Udinese,38,10,9,19,35,60,−25,39[d],,2015/16
18,Carpi,38,9,11,18,37,57,−20,38,Relegation to Serie B,2015/16
19,Frosinone,38,8,7,23,35,76,−41,31,Relegation to Serie B,2015/16
20,Hellas Verona,38,5,13,20,34,63,−29,28,Relegation to Serie B,2015/16
1,Juventus,38,29,4,5,77,27,+50,91,Qualification for the Champions League group stage,2016/17
2,Roma,38,28,3,7,90,38,+52,87,Qualification for the Champions League group stage,2016/17
3,Napoli,38,26,8,4,94,39,+55,86,Qualification for the Champions League play-off round,2016/17
4,Atalanta,38,21,9,8,62,41,+21,72,Qualification for the Europa League group stage[a],2016/17
5,Lazio,38,21,7,10,74,51,+23,70,Qualification for the Europa League group stage[a],2016/17
6,Milan,38,18,9,11,57,45,+12,63,Qualification for the Europa League third qualifying round,2016/17
7,Inter Milan,38,19,5,14,72,49,+23,62,,2016/17
8,Fiorentina,38,16,12,10,63,57,+6,60,,2016/17
9,Torino,38,13,14,11,71,66,+5,53,,2016/17
10,Sampdoria,38,12,12,14,49,55,−6,48,,2016/17
11,Cagliari,38,14,5,19,55,76,−21,47,,2016/17
12,Sassuolo,38,13,7,18,58,63,−5,46,,2016/17
13,Udinese,38,12,9,17,47,56,−9,45,,2016/17
14,Chievo,38,12,7,19,43,61,−18,43,,2016/17
15,Bologna,38,11,8,19,40,58,−18,41,,2016/17
16,Genoa,38,9,9,20,38,64,−26,36,,2016/17
17,Crotone,38,9,7,22,34,58,−24,34,,2016/17
18,Empoli,38,8,8,22,29,61,−32,32,Relegation to Serie B,2016/17
19,Palermo,38,6,8,24,33,77,−44,26,Relegation to Serie B,2016/17
20,Pescara,38,3,9,26,37,81,−44,18,Relegation to Serie B,2016/17
1,Juventus,38,30,5,3,86,24,+62,95,Qualification to Champions League group stage,2017/18
2,Napoli,38,28,7,3,77,29,+48,91,Qualification to Champions League group stage,2017/18
3,Roma,38,23,8,7,61,28,+33,77,Qualification to Champions League group stage,2017/18
4,Inter Milan,38,20,12,6,66,30,+36,72,Qualification to Champions League group stage,2017/18
5,Lazio,38,21,9,8,89,49,+40,71[a],Qualification to Europa League group stage[b],2017/18
6,Milan,38,18,10,10,56,42,+14,64,Qualification to Europa League group stage[b],2017/18
7,Atalanta,38,16,12,10,57,39,+18,60,Qualification to Europa League second qualifying round[b],2017/18
8,Fiorentina,38,16,9,13,54,46,+8,57,,2017/18
9,Torino,38,13,15,10,54,46,+8,54,,2017/18
10,Sampdoria,38,16,6,16,56,60,−4,54,,2017/18
11,Sassuolo,38,11,10,17,29,59,−30,43,,2017/18
12,Genoa,38,11,8,19,33,43,−10,41,,2017/18
13,Chievo,38,10,10,18,36,59,−23,40[d],,2017/18
14,Udinese,38,12,4,22,48,63,−15,40[d],,2017/18
15,Bologna,38,11,6,21,40,52,−12,39,,2017/18
16,Cagliari,38,11,6,21,33,61,−28,39,,2017/18
17,SPAL,38,8,14,16,39,59,−20,38,,2017/18
18,Crotone,38,9,8,21,40,66,−26,35,Relegation to Serie B,2017/18
19,Hellas Verona,38,7,4,27,30,78,−48,25,Relegation to Serie B,2017/18
20,Benevento,38,6,3,29,33,84,−51,21,Relegation to Serie B,2017/18
1,Juventus,38,28,6,4,70,30,+40,90,Qualification for the Champions League group stage,2018/19
2,Napoli,38,24,7,7,74,36,+38,79,Qualification for the Champions League group stage,2018/19
3,Atalanta,38,20,9,9,77,46,+31,69[a],Qualification for the Champions League group stage,2018/19
4,Inter Milan,38,20,9,9,57,33,+24,69[a],Qualification for the Champions League group stage,2018/19
5,Milan,38,19,11,8,55,36,+19,68,,2018/19
6,Roma,38,18,12,8,66,48,+18,66,Qualification for the Europa League group stage,2018/19
7,Torino,38,16,15,7,52,37,+15,63,Qualification for the Europa League second qualifying round,2018/19
8,Lazio,38,17,8,13,56,46,+10,57[c],Qualification for the Europa League group stage[d],2018/19
9,Sampdoria,38,15,8,15,60,51,+9,53,,2018/19
10,Bologna,38,11,11,16,48,56,−8,44,,2018/19
11,Sassuolo,38,9,16,13,53,60,−7,43,,2018/19
12,Udinese,38,11,10,17,39,53,−14,43,,2018/19
13,SPAL,38,11,9,18,44,56,−12,42,,2018/19
14,Parma,38,10,11,17,41,61,−20,41[e],,2018/19
15,Cagliari,38,10,11,17,36,54,−18,41[e],,2018/19
16,Fiorentina,38,8,17,13,47,45,+2,41[e],,2018/19
17,Genoa,38,8,14,16,39,57,−18,38[f],,2018/19
18,Empoli,38,10,8,20,51,70,−19,38[f],Relegation to Serie B,2018/19
19,Frosinone,38,5,10,23,29,69,−40,25,Relegation to Serie B,2018/19
20,Chievo,38,2,14,22,25,75,−50,17[g],Relegation to Serie B,2018/19
1,Juventus,38,26,5,7,76,43,+33,83,Qualification for the Champions League group stage,2019/20
2,Inter Milan,38,24,10,4,81,36,+45,82,Qualification for the Champions League group stage,2019/20
3,Atalanta,38,23,9,6,98,48,+50,78[a],Qualification for the Champions League group stage,2019/20
4,Lazio,38,24,6,8,79,42,+37,78[a],Qualification for the Champions League group stage,2019/20
5,Roma,38,21,7,10,77,51,+26,70,Qualification for the Europa League group stage,2019/20
6,Milan,38,19,9,10,63,46,+17,66,Qualification for the Europa League second qualifying round,2019/20
7,Napoli,38,18,8,12,61,50,+11,62,Qualification for the Europa League group stage[b],2019/20
8,Sassuolo,38,14,9,15,69,63,+6,51,,2019/20
9,Hellas Verona,38,12,13,13,47,51,−4,49[c],,2019/20
10,Fiorentina,38,12,13,13,51,48,+3,49[c],,2019/20
11,Parma,38,14,7,17,56,57,−1,49[c],,2019/20
12,Bologna,38,12,11,15,52,65,−13,47,,2019/20
13,Udinese,38,12,9,17,37,51,−14,45[d],,2019/20
14,Cagliari,38,11,12,15,52,56,−4,45[d],,2019/20
15,Sampdoria,38,12,6,20,48,65,−17,42,,2019/20
16,Torino,38,11,7,20,46,68,−22,40,,2019/20
17,Genoa,38,10,9,19,47,73,−26,39,,2019/20
18,Lecce,38,9,8,21,52,85,−33,35,Relegation to Serie B,2019/20
19,Brescia,38,6,7,25,35,79,−44,25,Relegation to Serie B,2019/20
20,SPAL,38,5,5,28,27,77,−50,20,Relegation to Serie B,2019/20
1,Inter Milan,38,28,7,3,89,35,+54,91,Qualification for Champions League group stage,2020/21
2,Milan,38,24,7,7,74,41,+33,79,Qualification for Champions League group stage,2020/21
3,Atalanta,38,23,9,6,90,47,+43,78[a],Qualification for Champions League group stage,2020/21
4,Juventus,38,23,9,6,77,38,+39,78[a],Qualification for Champions League group stage,2020/21
5,Napoli,38,24,5,9,86,41,+45,77,0Qualification for Europa League group stage[b],2020/21
6,Lazio,38,21,5,12,61,55,+6,68,0Qualification for Europa League group stage[b],2020/21
7,Roma,38,18,8,12,68,58,+10,62,0Qualification for Conference League play-off round[b],2020/21
8,Sassuolo,38,17,11,10,64,56,+8,62,,2020/21
9,Sampdoria,38,15,7,16,52,54,−2,52,,2020/21
10,Hellas Verona,38,11,12,15,46,48,−2,45,,2020/21
11,Genoa,38,10,12,16,47,58,−11,42,,2020/21
12,Bologna,38,10,11,17,51,65,−14,41,,2020/21
13,Fiorentina,38,9,13,16,47,59,−12,40,,2020/21
14,Udinese,38,10,10,18,42,58,−16,40,,2020/21
15,Spezia,38,9,12,17,52,72,−20,39,,2020/21
16,Cagliari,38,9,10,19,43,59,−16,37,,2020/21
17,Torino,38,7,16,15,50,69,−19,37,,2020/21
18,Benevento,38,7,12,19,40,75,−35,33,Relegation to Serie B,2020/21
19,Crotone,38,6,5,27,45,92,−47,23,Relegation to Serie B,2020/21
20,Parma,38,3,11,24,39,83,−44,20,Relegation to Serie B,2020/21
1,Milan,38,26,8,4,69,31,+38,86,Qualification for the Champions League group stage,2021/22
2,Inter Milan,38,25,9,4,84,32,+52,84,Qualification for the Champions League group stage,2021/22
3,Napoli,38,24,7,7,74,31,+43,79,Qualification for the Champions League group stage,2021/22
4,Juventus,38,20,10,8,57,37,+20,70,Qualification for the Champions League group stage,2021/22
5,Lazio,38,18,10,10,77,58,+19,64,0Qualification for the Europa League group stage[a],2021/22
6,Roma,38,18,9,11,59,43,+16,63,0Qualification for the Europa League group stage[a],2021/22
7,Fiorentina,38,19,5,14,59,51,+8,62,0Qualification for the Conference League play-off round[a],2021/22
8,Atalanta,38,16,11,11,65,48,+17,59,,2021/22
9,Hellas Verona,38,14,11,13,65,59,+6,53,,2021/22
10,Torino,38,13,11,14,46,41,+5,50[b],,2021/22
11,Sassuolo,38,13,11,14,64,66,−2,50[b],,2021/22
12,Udinese,38,11,14,13,61,58,+3,47,,2021/22
13,Bologna,38,12,10,16,44,55,−11,46,,2021/22
14,Empoli,38,10,11,17,50,70,−20,41,,2021/22
15,Sampdoria,38,10,6,22,46,63,−17,36,,2021/22
16,Spezia,38,10,6,22,41,71,−30,36,,2021/22
17,Salernitana,38,7,10,21,33,78,−45,31,,2021/22
18,Cagliari,38,6,12,20,34,68,−34,30,Relegation to Serie B,2021/22
19,Genoa,38,4,16,18,27,60,−33,28,Relegation to Serie B,2021/22
20,Venezia,38,6,9,23,34,69,−35,27,Relegation to Serie B,2021/22
1,Napoli,38,28,6,4,77,28,+49,90,Qualification for the Champions League group stage[a],2022/23
2,Lazio,38,22,8,8,60,30,+30,74,Qualification for the Champions League group stage[a],2022/23
3,Inter Milan,38,23,3,12,71,42,+29,72,Qualification for the Champions League group stage[a],2022/23
4,Milan,38,20,10,8,64,43,+21,70,Qualification for the Champions League group stage[a],2022/23
5,Atalanta,38,19,7,12,66,48,+18,64,Qualification for the Europa League group stage[b],2022/23
6,Roma,38,18,9,11,50,38,+12,63,Qualification for the Europa League group stage[b],2022/23
7,Juventus,38,22,6,10,56,33,+23,62[d],,2022/23
8,Fiorentina,38,15,11,12,53,43,+10,56,Qualification for the Εuropa Conference League play-off round,2022/23
9,Bologna,38,14,12,12,53,49,+4,54,,2022/23
10,Torino,38,14,11,13,42,41,+1,53,,2022/23
11,Monza,38,14,10,14,48,52,−4,52,,2022/23
12,Udinese,38,11,13,14,47,48,−1,46,,2022/23
13,Sassuolo,38,12,9,17,47,61,−14,45,,2022/23
14,Empoli,38,10,13,15,37,49,−12,43,,2022/23
15,Salernitana,38,9,15,14,48,62,−14,42,,2022/23
16,Lecce,38,8,12,18,33,46,−13,36,,2022/23
17,Spezia,38,6,13,19,31,62,−31,31[e],Qualification for the Relegation tie-breaker[a],2022/23
18,Hellas Verona,38,7,10,21,31,59,−28,31[e],Qualification for the Relegation tie-breaker[a],2022/23
19,Cremonese,38,5,12,21,36,69,−33,27,Relegation to Serie B,2022/23
20,Sampdoria,38,3,10,25,24,71,−47,19,Relegation to Serie B,2022/23
1,Inter Milan,38,29,7,2,89,22,+67,94,Qualification for the Champions League league phase[a],2023/24
2,Milan,38,22,9,7,76,49,+27,75,Qualification for the Champions League league phase[a],2023/24
3,Juventus,38,19,14,5,54,31,+23,71,Qualification for the Champions League league phase[a],2023/24
4,Atalanta,38,21,6,11,72,42,+30,69,Qualification for the Champions League league phase[a],2023/24
5,Bologna,38,18,14,6,54,32,+22,68,Qualification for the Champions League league phase[a],2023/24
6,Roma,38,18,9,11,65,46,+19,63,Qualification for the Europa League league phase[b],2023/24
7,Lazio,38,18,7,13,49,39,+10,61,Qualification for the Europa League league phase[b],2023/24
8,Fiorentina,38,17,9,12,61,46,+15,60,Qualification for the Conference League play-off round,2023/24
9,Torino,38,13,14,11,36,36,0,53[c],,2023/24
10,Napoli,38,13,14,11,55,48,+7,53[c],,2023/24
11,Genoa,38,12,13,13,45,45,0,49,,2023/24
12,Monza,38,11,12,15,39,51,−12,45,,2023/24
13,Hellas Verona,38,9,11,18,38,51,−13,38[d],,2023/24
14,Lecce,38,8,14,16,32,54,−22,38[d],,2023/24
15,Udinese,38,6,19,13,37,53,−16,37,,2023/24
16,Cagliari,38,8,12,18,42,68,−26,36[e],,2023/24
17,Empoli,38,9,9,20,29,54,−25,36[e],,2023/24
18,Frosinone,38,8,11,19,44,69,−25,35,Relegation to Serie B,2023/24
19,Sassuolo,38,7,9,22,43,75,−32,30,Relegation to Serie B,2023/24
20,Salernitana,38,2,11,25,32,81,−49,17,Relegation to Serie B,2023/24
1,Napoli,38,24,10,4,59,27,+32,82,Qualification for the Champions League league phase,2024/25
2,Inter Milan,38,24,9,5,79,35,+44,81,Qualification for the Champions League league phase,2024/25
3,Atalanta,38,22,8,8,78,37,+41,74,Qualification for the Champions League league phase,2024/25
4,Juventus,38,18,16,4,58,35,+23,70,Qualification for the Champions League league phase,2024/25
5,Roma,38,20,9,9,56,35,+21,69,Qualification for the Europa League league phase,2024/25
6,Fiorentina,38,19,8,11,60,41,+19,65[a],Qualification for the Conference League play-off round,2024/25
7,Lazio,38,18,11,9,61,49,+12,65[a],,2024/25
8,Milan,38,18,9,11,61,43,+18,63,,2024/25
9,Bologna,38,16,14,8,57,47,+10,62,Qualification for the Europa League league phase[b],2024/25
10,Como,38,13,10,15,49,52,−3,49,,2024/25
11,Torino,38,10,14,14,39,45,−6,44[c],,2024/25
12,Udinese,38,12,8,18,41,56,−15,44[c],,2024/25
13,Genoa,38,10,13,15,37,49,−12,43,,2024/25
14,Hellas Verona,38,10,7,21,34,66,−32,37,,2024/25
15,Cagliari,38,9,9,20,40,56,−16,36[d],,2024/25
16,Parma,38,7,15,16,44,58,−14,36[d],,2024/25
17,Lecce,38,8,10,20,27,58,−31,34,,2024/25
18,Empoli,38,6,13,19,33,59,−26,31,Relegation to Serie B,2024/25
19,Venezia,38,5,14,19,32,56,−24,29,Relegation to Serie B,2024/25
20,Monza,38,3,9,26,28,69,−41,18,Relegation to Serie B,2024/25
1,Inter Milan,38,27,6,5,89,35,+54,87,Qualification for the Champions League league phase,2025/26
2,Napoli,38,23,7,8,58,36,+22,76,Qualification for the Champions League league phase,2025/26
3,Roma,38,23,4,11,59,31,+28,73,Qualification for the Champions League league phase,2025/26
4,Como,38,20,11,7,65,29,+36,71,Qualification for the Champions League league phase,2025/26
5,Milan,38,20,10,8,53,35,+18,70,Qualification for the Europa League league phase[a],2025/26
6,Juventus,38,19,12,7,61,34,+27,69,Qualification for the Europa League league phase[a],2025/26
7,Atalanta,38,15,14,9,51,36,+15,59,Qualification for the Conference League play-off round[a],2025/26
8,Bologna,38,16,8,14,49,46,+3,56,,2025/26
9,Lazio,38,14,12,12,41,40,+1,54,,2025/26
10,Udinese,38,14,8,16,45,48,−3,50,,2025/26
11,Sassuolo,38,14,7,17,46,50,−4,49,,2025/26
12,Torino,38,12,9,17,44,63,−19,45[b],,2025/26
13,Parma,38,11,12,15,28,46,−18,45[b],,2025/26
14,Cagliari,38,11,10,17,40,53,−13,43,,2025/26
15,Fiorentina,38,9,15,14,41,50,−9,42,,2025/26
16,Genoa,38,10,11,17,41,51,−10,41,,2025/26
17,Lecce,38,10,8,20,28,50,−22,38,,2025/26
18,Cremonese,38,8,10,20,32,57,−25,34,Relegation to Serie B,2025/26
19,Hellas Verona,38,3,12,23,25,61,−36,21,Relegation to Serie B,2025/26
20,Pisa,38,2,12,24,26,71,−45,18,Relegation to Serie B,2025/26
