country,season,gender,age_group,age_threshold,registered_players,metric_name,source_name,source_url,source_page,quality_flag,notes,year
France,2014-15,female,native_band,1 à 4 ans,0,registered_licences,INJEP — Recensement des licences sportives,https://injep.fr/donnee/recensement-des-licences-sportives/,lic-data-2015.csv,A,FFF code 111; national total aggregated from commune-level data; native INJEP age band,2015
France,2014-15,female,native_band,10 à 14 ans,25559,registered_licences,INJEP — Recensement des licences sportives,https://injep.fr/donnee/recensement-des-licences-sportives/,lic-data-2015.csv,A,FFF code 111; national total aggregated from commune-level data; native INJEP age band,2015
France,2014-15,female,native_band,15 à 19 ans,16634,registered_licences,INJEP — Recensement des licences sportives,https://injep.fr/donnee/recensement-des-licences-sportives/,lic-data-2015.csv,A,FFF code 111; national total aggregated from commune-level data; native INJEP age band,2015
France,2014-15,female,native_band,20 à 29 ans,23318,registered_licences,INJEP — Recensement des licences sportives,https://injep.fr/donnee/recensement-des-licences-sportives/,lic-data-2015.csv,A,FFF code 111; national total aggregated from commune-level data; native INJEP age band,2015
France,2014-15,female,native_band,30 à 44 ans,19693,registered_licences,INJEP — Recensement des licences sportives,https://injep.fr/donnee/recensement-des-licences-sportives/,lic-data-2015.csv,A,FFF code 111; national total aggregated from commune-level data; native INJEP age band,2015
France,2014-15,female,native_band,45 à 59 ans,11545,registered_licences,INJEP — Recensement des licences sportives,https://injep.fr/donnee/recensement-des-licences-sportives/,lic-data-2015.csv,A,FFF code 111; national total aggregated from commune-level data; native INJEP age band,2015
France,2014-15,female,native_band,5 à 9 ans,18561,registered_licences,INJEP — Recensement des licences sportives,https://injep.fr/donnee/recensement-des-licences-sportives/,lic-data-2015.csv,A,FFF code 111; national total aggregated from commune-level data; native INJEP age band,2015
France,2014-15,female,native_band,60 à 74 ans,3203,registered_licences,INJEP — Recensement des licences sportives,https://injep.fr/donnee/recensement-des-licences-sportives/,lic-data-2015.csv,A,FFF code 111; national total aggregated from commune-level data; native INJEP age band,2015
France,2014-15,female,native_band,75 ans et plus,268,registered_licences,INJEP — Recensement des licences sportives,https://injep.fr/donnee/recensement-des-licences-sportives/,lic-data-2015.csv,A,FFF code 111; national total aggregated from commune-level data; native INJEP age band,2015
France,2014-15,female,total,,119722,registered_licences,INJEP — Recensement des licences sportives,https://injep.fr/donnee/recensement-des-licences-sportives/,lic-data-2015.csv,A,FFF code 111; national total aggregated from commune-level data,2015
France,2014-15,male,native_band,1 à 4 ans,0,registered_licences,INJEP — Recensement des licences sportives,https://injep.fr/donnee/recensement-des-licences-sportives/,lic-data-2015.csv,A,FFF code 111; national total aggregated from commune-level data; native INJEP age band,2015
France,2014-15,male,native_band,10 à 14 ans,429355,registered_licences,INJEP — Recensement des licences sportives,https://injep.fr/donnee/recensement-des-licences-sportives/,lic-data-2015.csv,A,FFF code 111; national total aggregated from commune-level data; native INJEP age band,2015
France,2014-15,male,native_band,15 à 19 ans,251266,registered_licences,INJEP — Recensement des licences sportives,https://injep.fr/donnee/recensement-des-licences-sportives/,lic-data-2015.csv,A,FFF code 111; national total aggregated from commune-level data; native INJEP age band,2015
France,2014-15,male,native_band,20 à 29 ans,370857,registered_licences,INJEP — Recensement des licences sportives,https://injep.fr/donnee/recensement-des-licences-sportives/,lic-data-2015.csv,A,FFF code 111; national total aggregated from commune-level data; native INJEP age band,2015
France,2014-15,male,native_band,30 à 44 ans,342330,registered_licences,INJEP — Recensement des licences sportives,https://injep.fr/donnee/recensement-des-licences-sportives/,lic-data-2015.csv,A,FFF code 111; national total aggregated from commune-level data; native INJEP age band,2015
France,2014-15,male,native_band,45 à 59 ans,146694,registered_licences,INJEP — Recensement des licences sportives,https://injep.fr/donnee/recensement-des-licences-sportives/,lic-data-2015.csv,A,FFF code 111; national total aggregated from commune-level data; native INJEP age band,2015
France,2014-15,male,native_band,5 à 9 ans,419122,registered_licences,INJEP — Recensement des licences sportives,https://injep.fr/donnee/recensement-des-licences-sportives/,lic-data-2015.csv,A,FFF code 111; national total aggregated from commune-level data; native INJEP age band,2015
France,2014-15,male,native_band,60 à 74 ans,35807,registered_licences,INJEP — Recensement des licences sportives,https://injep.fr/donnee/recensement-des-licences-sportives/,lic-data-2015.csv,A,FFF code 111; national total aggregated from commune-level data; native INJEP age band,2015
France,2014-15,male,native_band,75 ans et plus,3408,registered_licences,INJEP — Recensement des licences sportives,https://injep.fr/donnee/recensement-des-licences-sportives/,lic-data-2015.csv,A,FFF code 111; national total aggregated from commune-level data; native INJEP age band,2015
France,2014-15,male,total,,2010854,registered_licences,INJEP — Recensement des licences sportives,https://injep.fr/donnee/recensement-des-licences-sportives/,lic-data-2015.csv,A,FFF code 111; national total aggregated from commune-level data,2015
France,2015-16,female,native_band,1 à 4 ans,0,registered_licences,INJEP — Recensement des licences sportives,https://injep.fr/donnee/recensement-des-licences-sportives/,lic-data-2016.csv,A,FFF code 111; national total aggregated from commune-level data; native INJEP age band,2016
France,2015-16,female,native_band,10 à 14 ans,33348,registered_licences,INJEP — Recensement des licences sportives,https://injep.fr/donnee/recensement-des-licences-sportives/,lic-data-2016.csv,A,FFF code 111; national total aggregated from commune-level data; native INJEP age band,2016
France,2015-16,female,native_band,15 à 19 ans,25034,registered_licences,INJEP — Recensement des licences sportives,https://injep.fr/donnee/recensement-des-licences-sportives/,lic-data-2016.csv,A,FFF code 111; national total aggregated from commune-level data; native INJEP age band,2016
France,2015-16,female,native_band,20 à 29 ans,27641,registered_licences,INJEP — Recensement des licences sportives,https://injep.fr/donnee/recensement-des-licences-sportives/,lic-data-2016.csv,A,FFF code 111; national total aggregated from commune-level data; native INJEP age band,2016
France,2015-16,female,native_band,30 à 44 ans,22259,registered_licences,INJEP — Recensement des licences sportives,https://injep.fr/donnee/recensement-des-licences-sportives/,lic-data-2016.csv,A,FFF code 111; national total aggregated from commune-level data; native INJEP age band,2016
France,2015-16,female,native_band,45 à 59 ans,13027,registered_licences,INJEP — Recensement des licences sportives,https://injep.fr/donnee/recensement-des-licences-sportives/,lic-data-2016.csv,A,FFF code 111; national total aggregated from commune-level data; native INJEP age band,2016
France,2015-16,female,native_band,5 à 9 ans,14031,registered_licences,INJEP — Recensement des licences sportives,https://injep.fr/donnee/recensement-des-licences-sportives/,lic-data-2016.csv,A,FFF code 111; national total aggregated from commune-level data; native INJEP age band,2016
France,2015-16,female,native_band,60 à 74 ans,3690,registered_licences,INJEP — Recensement des licences sportives,https://injep.fr/donnee/recensement-des-licences-sportives/,lic-data-2016.csv,A,FFF code 111; national total aggregated from commune-level data; native INJEP age band,2016
France,2015-16,female,native_band,75 ans et plus,327,registered_licences,INJEP — Recensement des licences sportives,https://injep.fr/donnee/recensement-des-licences-sportives/,lic-data-2016.csv,A,FFF code 111; national total aggregated from commune-level data; native INJEP age band,2016
France,2015-16,female,total,,139357,registered_licences,INJEP — Recensement des licences sportives,https://injep.fr/donnee/recensement-des-licences-sportives/,lic-data-2016.csv,A,FFF code 111; national total aggregated from commune-level data,2016
France,2015-16,male,native_band,1 à 4 ans,0,registered_licences,INJEP — Recensement des licences sportives,https://injep.fr/donnee/recensement-des-licences-sportives/,lic-data-2016.csv,A,FFF code 111; national total aggregated from commune-level data; native INJEP age band,2016
France,2015-16,male,native_band,10 à 14 ans,454467,registered_licences,INJEP — Recensement des licences sportives,https://injep.fr/donnee/recensement-des-licences-sportives/,lic-data-2016.csv,A,FFF code 111; national total aggregated from commune-level data; native INJEP age band,2016
France,2015-16,male,native_band,15 à 19 ans,281103,registered_licences,INJEP — Recensement des licences sportives,https://injep.fr/donnee/recensement-des-licences-sportives/,lic-data-2016.csv,A,FFF code 111; national total aggregated from commune-level data; native INJEP age band,2016
France,2015-16,male,native_band,20 à 29 ans,369911,registered_licences,INJEP — Recensement des licences sportives,https://injep.fr/donnee/recensement-des-licences-sportives/,lic-data-2016.csv,A,FFF code 111; national total aggregated from commune-level data; native INJEP age band,2016
France,2015-16,male,native_band,30 à 44 ans,358207,registered_licences,INJEP — Recensement des licences sportives,https://injep.fr/donnee/recensement-des-licences-sportives/,lic-data-2016.csv,A,FFF code 111; national total aggregated from commune-level data; native INJEP age band,2016
France,2015-16,male,native_band,45 à 59 ans,163071,registered_licences,INJEP — Recensement des licences sportives,https://injep.fr/donnee/recensement-des-licences-sportives/,lic-data-2016.csv,A,FFF code 111; national total aggregated from commune-level data; native INJEP age band,2016
France,2015-16,male,native_band,5 à 9 ans,289628,registered_licences,INJEP — Recensement des licences sportives,https://injep.fr/donnee/recensement-des-licences-sportives/,lic-data-2016.csv,A,FFF code 111; national total aggregated from commune-level data; native INJEP age band,2016
France,2015-16,male,native_band,60 à 74 ans,41138,registered_licences,INJEP — Recensement des licences sportives,https://injep.fr/donnee/recensement-des-licences-sportives/,lic-data-2016.csv,A,FFF code 111; national total aggregated from commune-level data; native INJEP age band,2016
France,2015-16,male,native_band,75 ans et plus,3856,registered_licences,INJEP — Recensement des licences sportives,https://injep.fr/donnee/recensement-des-licences-sportives/,lic-data-2016.csv,A,FFF code 111; national total aggregated from commune-level data; native INJEP age band,2016
France,2015-16,male,total,,1961381,registered_licences,INJEP — Recensement des licences sportives,https://injep.fr/donnee/recensement-des-licences-sportives/,lic-data-2016.csv,A,FFF code 111; national total aggregated from commune-level data,2016
France,2016-17,female,native_band,1 à 4 ans,0,registered_licences,INJEP — Recensement des licences sportives,https://injep.fr/donnee/recensement-des-licences-sportives/,lic-data-2017.csv,A,FFF code 111; national total aggregated from commune-level data; native INJEP age band,2017
France,2016-17,female,native_band,10 à 14 ans,40279,registered_licences,INJEP — Recensement des licences sportives,https://injep.fr/donnee/recensement-des-licences-sportives/,lic-data-2017.csv,A,FFF code 111; national total aggregated from commune-level data; native INJEP age band,2017
France,2016-17,female,native_band,15 à 19 ans,29256,registered_licences,INJEP — Recensement des licences sportives,https://injep.fr/donnee/recensement-des-licences-sportives/,lic-data-2017.csv,A,FFF code 111; national total aggregated from commune-level data; native INJEP age band,2017
France,2016-17,female,native_band,20 à 29 ans,28748,registered_licences,INJEP — Recensement des licences sportives,https://injep.fr/donnee/recensement-des-licences-sportives/,lic-data-2017.csv,A,FFF code 111; national total aggregated from commune-level data; native INJEP age band,2017
France,2016-17,female,native_band,30 à 44 ans,23627,registered_licences,INJEP — Recensement des licences sportives,https://injep.fr/donnee/recensement-des-licences-sportives/,lic-data-2017.csv,A,FFF code 111; national total aggregated from commune-level data; native INJEP age band,2017
France,2016-17,female,native_band,45 à 59 ans,13517,registered_licences,INJEP — Recensement des licences sportives,https://injep.fr/donnee/recensement-des-licences-sportives/,lic-data-2017.csv,A,FFF code 111; national total aggregated from commune-level data; native INJEP age band,2017
France,2016-17,female,native_band,5 à 9 ans,16890,registered_licences,INJEP — Recensement des licences sportives,https://injep.fr/donnee/recensement-des-licences-sportives/,lic-data-2017.csv,A,FFF code 111; national total aggregated from commune-level data; native INJEP age band,2017
France,2016-17,female,native_band,60 à 74 ans,3859,registered_licences,INJEP — Recensement des licences sportives,https://injep.fr/donnee/recensement-des-licences-sportives/,lic-data-2017.csv,A,FFF code 111; national total aggregated from commune-level data; native INJEP age band,2017
France,2016-17,female,native_band,75 ans et plus,334,registered_licences,INJEP — Recensement des licences sportives,https://injep.fr/donnee/recensement-des-licences-sportives/,lic-data-2017.csv,A,FFF code 111; national total aggregated from commune-level data; native INJEP age band,2017
France,2016-17,female,total,,156510,registered_licences,INJEP — Recensement des licences sportives,https://injep.fr/donnee/recensement-des-licences-sportives/,lic-data-2017.csv,A,FFF code 111; national total aggregated from commune-level data,2017
France,2016-17,male,native_band,1 à 4 ans,0,registered_licences,INJEP — Recensement des licences sportives,https://injep.fr/donnee/recensement-des-licences-sportives/,lic-data-2017.csv,A,FFF code 111; national total aggregated from commune-level data; native INJEP age band,2017
France,2016-17,male,native_band,10 à 14 ans,466240,registered_licences,INJEP — Recensement des licences sportives,https://injep.fr/donnee/recensement-des-licences-sportives/,lic-data-2017.csv,A,FFF code 111; national total aggregated from commune-level data; native INJEP age band,2017
France,2016-17,male,native_band,15 à 19 ans,282624,registered_licences,INJEP — Recensement des licences sportives,https://injep.fr/donnee/recensement-des-licences-sportives/,lic-data-2017.csv,A,FFF code 111; national total aggregated from commune-level data; native INJEP age band,2017
France,2016-17,male,native_band,20 à 29 ans,353007,registered_licences,INJEP — Recensement des licences sportives,https://injep.fr/donnee/recensement-des-licences-sportives/,lic-data-2017.csv,A,FFF code 111; national total aggregated from commune-level data; native INJEP age band,2017
France,2016-17,male,native_band,30 à 44 ans,349892,registered_licences,INJEP — Recensement des licences sportives,https://injep.fr/donnee/recensement-des-licences-sportives/,lic-data-2017.csv,A,FFF code 111; national total aggregated from commune-level data; native INJEP age band,2017
France,2016-17,male,native_band,45 à 59 ans,162963,registered_licences,INJEP — Recensement des licences sportives,https://injep.fr/donnee/recensement-des-licences-sportives/,lic-data-2017.csv,A,FFF code 111; national total aggregated from commune-level data; native INJEP age band,2017
France,2016-17,male,native_band,5 à 9 ans,313492,registered_licences,INJEP — Recensement des licences sportives,https://injep.fr/donnee/recensement-des-licences-sportives/,lic-data-2017.csv,A,FFF code 111; national total aggregated from commune-level data; native INJEP age band,2017
France,2016-17,male,native_band,60 à 74 ans,41819,registered_licences,INJEP — Recensement des licences sportives,https://injep.fr/donnee/recensement-des-licences-sportives/,lic-data-2017.csv,A,FFF code 111; national total aggregated from commune-level data; native INJEP age band,2017
France,2016-17,male,native_band,75 ans et plus,4052,registered_licences,INJEP — Recensement des licences sportives,https://injep.fr/donnee/recensement-des-licences-sportives/,lic-data-2017.csv,A,FFF code 111; national total aggregated from commune-level data; native INJEP age band,2017
France,2016-17,male,total,,1974089,registered_licences,INJEP — Recensement des licences sportives,https://injep.fr/donnee/recensement-des-licences-sportives/,lic-data-2017.csv,A,FFF code 111; national total aggregated from commune-level data,2017
France,2017-18,female,native_band,1 à 4 ans,0,registered_licences,INJEP — Recensement des licences sportives,https://injep.fr/donnee/recensement-des-licences-sportives/,lic-data-2018.csv,A,FFF code 111; national total aggregated from commune-level data; native INJEP age band,2018
France,2017-18,female,native_band,10 à 14 ans,41547,registered_licences,INJEP — Recensement des licences sportives,https://injep.fr/donnee/recensement-des-licences-sportives/,lic-data-2018.csv,A,FFF code 111; national total aggregated from commune-level data; native INJEP age band,2018
France,2017-18,female,native_band,15 à 19 ans,31712,registered_licences,INJEP — Recensement des licences sportives,https://injep.fr/donnee/recensement-des-licences-sportives/,lic-data-2018.csv,A,FFF code 111; national total aggregated from commune-level data; native INJEP age band,2018
France,2017-18,female,native_band,20 à 29 ans,29448,registered_licences,INJEP — Recensement des licences sportives,https://injep.fr/donnee/recensement-des-licences-sportives/,lic-data-2018.csv,A,FFF code 111; national total aggregated from commune-level data; native INJEP age band,2018
France,2017-18,female,native_band,30 à 44 ans,24696,registered_licences,INJEP — Recensement des licences sportives,https://injep.fr/donnee/recensement-des-licences-sportives/,lic-data-2018.csv,A,FFF code 111; national total aggregated from commune-level data; native INJEP age band,2018
France,2017-18,female,native_band,45 à 59 ans,13766,registered_licences,INJEP — Recensement des licences sportives,https://injep.fr/donnee/recensement-des-licences-sportives/,lic-data-2018.csv,A,FFF code 111; national total aggregated from commune-level data; native INJEP age band,2018
France,2017-18,female,native_band,5 à 9 ans,16663,registered_licences,INJEP — Recensement des licences sportives,https://injep.fr/donnee/recensement-des-licences-sportives/,lic-data-2018.csv,A,FFF code 111; national total aggregated from commune-level data; native INJEP age band,2018
France,2017-18,female,native_band,60 à 74 ans,3964,registered_licences,INJEP — Recensement des licences sportives,https://injep.fr/donnee/recensement-des-licences-sportives/,lic-data-2018.csv,A,FFF code 111; national total aggregated from commune-level data; native INJEP age band,2018
France,2017-18,female,native_band,75 ans et plus,345,registered_licences,INJEP — Recensement des licences sportives,https://injep.fr/donnee/recensement-des-licences-sportives/,lic-data-2018.csv,A,FFF code 111; national total aggregated from commune-level data; native INJEP age band,2018
France,2017-18,female,total,,162141,registered_licences,INJEP — Recensement des licences sportives,https://injep.fr/donnee/recensement-des-licences-sportives/,lic-data-2018.csv,A,FFF code 111; national total aggregated from commune-level data,2018
France,2017-18,male,native_band,1 à 4 ans,0,registered_licences,INJEP — Recensement des licences sportives,https://injep.fr/donnee/recensement-des-licences-sportives/,lic-data-2018.csv,A,FFF code 111; national total aggregated from commune-level data; native INJEP age band,2018
France,2017-18,male,native_band,10 à 14 ans,466723,registered_licences,INJEP — Recensement des licences sportives,https://injep.fr/donnee/recensement-des-licences-sportives/,lic-data-2018.csv,A,FFF code 111; national total aggregated from commune-level data; native INJEP age band,2018
France,2017-18,male,native_band,15 à 19 ans,283119,registered_licences,INJEP — Recensement des licences sportives,https://injep.fr/donnee/recensement-des-licences-sportives/,lic-data-2018.csv,A,FFF code 111; national total aggregated from commune-level data; native INJEP age band,2018
France,2017-18,male,native_band,20 à 29 ans,340742,registered_licences,INJEP — Recensement des licences sportives,https://injep.fr/donnee/recensement-des-licences-sportives/,lic-data-2018.csv,A,FFF code 111; national total aggregated from commune-level data; native INJEP age band,2018
France,2017-18,male,native_band,30 à 44 ans,347934,registered_licences,INJEP — Recensement des licences sportives,https://injep.fr/donnee/recensement-des-licences-sportives/,lic-data-2018.csv,A,FFF code 111; national total aggregated from commune-level data; native INJEP age band,2018
France,2017-18,male,native_band,45 à 59 ans,162984,registered_licences,INJEP — Recensement des licences sportives,https://injep.fr/donnee/recensement-des-licences-sportives/,lic-data-2018.csv,A,FFF code 111; national total aggregated from commune-level data; native INJEP age band,2018
France,2017-18,male,native_band,5 à 9 ans,294535,registered_licences,INJEP — Recensement des licences sportives,https://injep.fr/donnee/recensement-des-licences-sportives/,lic-data-2018.csv,A,FFF code 111; national total aggregated from commune-level data; native INJEP age band,2018
France,2017-18,male,native_band,60 à 74 ans,42106,registered_licences,INJEP — Recensement des licences sportives,https://injep.fr/donnee/recensement-des-licences-sportives/,lic-data-2018.csv,A,FFF code 111; national total aggregated from commune-level data; native INJEP age band,2018
France,2017-18,male,native_band,75 ans et plus,4152,registered_licences,INJEP — Recensement des licences sportives,https://injep.fr/donnee/recensement-des-licences-sportives/,lic-data-2018.csv,A,FFF code 111; national total aggregated from commune-level data; native INJEP age band,2018
France,2017-18,male,total,,1942295,registered_licences,INJEP — Recensement des licences sportives,https://injep.fr/donnee/recensement-des-licences-sportives/,lic-data-2018.csv,A,FFF code 111; national total aggregated from commune-level data,2018
France,2018-19,female,native_band,1 à 4 ans,1,registered_licences,INJEP — Recensement des licences sportives,https://injep.fr/donnee/recensement-des-licences-sportives/,lic-data-2019.csv,A,FFF code 111; national total aggregated from commune-level data; native INJEP age band,2019
France,2018-19,female,native_band,10 à 14 ans,50444,registered_licences,INJEP — Recensement des licences sportives,https://injep.fr/donnee/recensement-des-licences-sportives/,lic-data-2019.csv,A,FFF code 111; national total aggregated from commune-level data; native INJEP age band,2019
France,2018-19,female,native_band,15 à 19 ans,29848,registered_licences,INJEP — Recensement des licences sportives,https://injep.fr/donnee/recensement-des-licences-sportives/,lic-data-2019.csv,A,FFF code 111; national total aggregated from commune-level data; native INJEP age band,2019
France,2018-19,female,native_band,20 à 24 ans,16495,registered_licences,INJEP — Recensement des licences sportives,https://injep.fr/donnee/recensement-des-licences-sportives/,lic-data-2019.csv,A,FFF code 111; national total aggregated from commune-level data; native INJEP age band,2019
France,2018-19,female,native_band,25 à 29 ans,13431,registered_licences,INJEP — Recensement des licences sportives,https://injep.fr/donnee/recensement-des-licences-sportives/,lic-data-2019.csv,A,FFF code 111; national total aggregated from commune-level data; native INJEP age band,2019
France,2018-19,female,native_band,30 à 34 ans,9663,registered_licences,INJEP — Recensement des licences sportives,https://injep.fr/donnee/recensement-des-licences-sportives/,lic-data-2019.csv,A,FFF code 111; national total aggregated from commune-level data; native INJEP age band,2019
France,2018-19,female,native_band,35 à 39 ans,8811,registered_licences,INJEP — Recensement des licences sportives,https://injep.fr/donnee/recensement-des-licences-sportives/,lic-data-2019.csv,A,FFF code 111; national total aggregated from commune-level data; native INJEP age band,2019
France,2018-19,female,native_band,40 à 44 ans,8123,registered_licences,INJEP — Recensement des licences sportives,https://injep.fr/donnee/recensement-des-licences-sportives/,lic-data-2019.csv,A,FFF code 111; national total aggregated from commune-level data; native INJEP age band,2019
France,2018-19,female,native_band,45 à 49 ans,6687,registered_licences,INJEP — Recensement des licences sportives,https://injep.fr/donnee/recensement-des-licences-sportives/,lic-data-2019.csv,A,FFF code 111; national total aggregated from commune-level data; native INJEP age band,2019
France,2018-19,female,native_band,5 à 9 ans,29636,registered_licences,INJEP — Recensement des licences sportives,https://injep.fr/donnee/recensement-des-licences-sportives/,lic-data-2019.csv,A,FFF code 111; national total aggregated from commune-level data; native INJEP age band,2019
France,2018-19,female,native_band,50 à 54 ans,4420,registered_licences,INJEP — Recensement des licences sportives,https://injep.fr/donnee/recensement-des-licences-sportives/,lic-data-2019.csv,A,FFF code 111; national total aggregated from commune-level data; native INJEP age band,2019
France,2018-19,female,native_band,55 à 59 ans,2704,registered_licences,INJEP — Recensement des licences sportives,https://injep.fr/donnee/recensement-des-licences-sportives/,lic-data-2019.csv,A,FFF code 111; national total aggregated from commune-level data; native INJEP age band,2019
France,2018-19,female,native_band,60 à 64 ans,1878,registered_licences,INJEP — Recensement des licences sportives,https://injep.fr/donnee/recensement-des-licences-sportives/,lic-data-2019.csv,A,FFF code 111; national total aggregated from commune-level data; native INJEP age band,2019
France,2018-19,female,native_band,65 à 69 ans,1315,registered_licences,INJEP — Recensement des licences sportives,https://injep.fr/donnee/recensement-des-licences-sportives/,lic-data-2019.csv,A,FFF code 111; national total aggregated from commune-level data; native INJEP age band,2019
France,2018-19,female,native_band,70 à 74 ans,783,registered_licences,INJEP — Recensement des licences sportives,https://injep.fr/donnee/recensement-des-licences-sportives/,lic-data-2019.csv,A,FFF code 111; national total aggregated from commune-level data; native INJEP age band,2019
France,2018-19,female,native_band,75 à 79 ans,198,registered_licences,INJEP — Recensement des licences sportives,https://injep.fr/donnee/recensement-des-licences-sportives/,lic-data-2019.csv,A,FFF code 111; national total aggregated from commune-level data; native INJEP age band,2019
France,2018-19,female,native_band,80 à 99 ans,104,registered_licences,INJEP — Recensement des licences sportives,https://injep.fr/donnee/recensement-des-licences-sportives/,lic-data-2019.csv,A,FFF code 111; national total aggregated from commune-level data; native INJEP age band,2019
France,2018-19,female,native_band,NR,0,registered_licences,INJEP — Recensement des licences sportives,https://injep.fr/donnee/recensement-des-licences-sportives/,lic-data-2019.csv,A,FFF code 111; national total aggregated from commune-level data; native INJEP age band,2019
France,2018-19,female,total,,184541,registered_licences,INJEP — Recensement des licences sportives,https://injep.fr/donnee/recensement-des-licences-sportives/,lic-data-2019.csv,A,FFF code 111; national total aggregated from commune-level data,2019
France,2018-19,male,native_band,1 à 4 ans,1,registered_licences,INJEP — Recensement des licences sportives,https://injep.fr/donnee/recensement-des-licences-sportives/,lic-data-2019.csv,A,FFF code 111; national total aggregated from commune-level data; native INJEP age band,2019
France,2018-19,male,native_band,10 à 14 ans,450152,registered_licences,INJEP — Recensement des licences sportives,https://injep.fr/donnee/recensement-des-licences-sportives/,lic-data-2019.csv,A,FFF code 111; national total aggregated from commune-level data; native INJEP age band,2019
France,2018-19,male,native_band,15 à 19 ans,251633,registered_licences,INJEP — Recensement des licences sportives,https://injep.fr/donnee/recensement-des-licences-sportives/,lic-data-2019.csv,A,FFF code 111; national total aggregated from commune-level data; native INJEP age band,2019
France,2018-19,male,native_band,20 à 24 ans,168608,registered_licences,INJEP — Recensement des licences sportives,https://injep.fr/donnee/recensement-des-licences-sportives/,lic-data-2019.csv,A,FFF code 111; national total aggregated from commune-level data; native INJEP age band,2019
France,2018-19,male,native_band,25 à 29 ans,157579,registered_licences,INJEP — Recensement des licences sportives,https://injep.fr/donnee/recensement-des-licences-sportives/,lic-data-2019.csv,A,FFF code 111; national total aggregated from commune-level data; native INJEP age band,2019
France,2018-19,male,native_band,30 à 34 ans,131494,registered_licences,INJEP — Recensement des licences sportives,https://injep.fr/donnee/recensement-des-licences-sportives/,lic-data-2019.csv,A,FFF code 111; national total aggregated from commune-level data; native INJEP age band,2019
France,2018-19,male,native_band,35 à 39 ans,115938,registered_licences,INJEP — Recensement des licences sportives,https://injep.fr/donnee/recensement-des-licences-sportives/,lic-data-2019.csv,A,FFF code 111; national total aggregated from commune-level data; native INJEP age band,2019
France,2018-19,male,native_band,40 à 44 ans,90810,registered_licences,INJEP — Recensement des licences sportives,https://injep.fr/donnee/recensement-des-licences-sportives/,lic-data-2019.csv,A,FFF code 111; national total aggregated from commune-level data; native INJEP age band,2019
France,2018-19,male,native_band,45 à 49 ans,75169,registered_licences,INJEP — Recensement des licences sportives,https://injep.fr/donnee/recensement-des-licences-sportives/,lic-data-2019.csv,A,FFF code 111; national total aggregated from commune-level data; native INJEP age band,2019
France,2018-19,male,native_band,5 à 9 ans,445784,registered_licences,INJEP — Recensement des licences sportives,https://injep.fr/donnee/recensement-des-licences-sportives/,lic-data-2019.csv,A,FFF code 111; national total aggregated from commune-level data; native INJEP age band,2019
France,2018-19,male,native_band,50 à 54 ans,48275,registered_licences,INJEP — Recensement des licences sportives,https://injep.fr/donnee/recensement-des-licences-sportives/,lic-data-2019.csv,A,FFF code 111; national total aggregated from commune-level data; native INJEP age band,2019
France,2018-19,male,native_band,55 à 59 ans,30112,registered_licences,INJEP — Recensement des licences sportives,https://injep.fr/donnee/recensement-des-licences-sportives/,lic-data-2019.csv,A,FFF code 111; national total aggregated from commune-level data; native INJEP age band,2019
France,2018-19,male,native_band,60 à 64 ans,20255,registered_licences,INJEP — Recensement des licences sportives,https://injep.fr/donnee/recensement-des-licences-sportives/,lic-data-2019.csv,A,FFF code 111; national total aggregated from commune-level data; native INJEP age band,2019
France,2018-19,male,native_band,65 à 69 ans,14891,registered_licences,INJEP — Recensement des licences sportives,https://injep.fr/donnee/recensement-des-licences-sportives/,lic-data-2019.csv,A,FFF code 111; national total aggregated from commune-level data; native INJEP age band,2019
France,2018-19,male,native_band,70 à 74 ans,8770,registered_licences,INJEP — Recensement des licences sportives,https://injep.fr/donnee/recensement-des-licences-sportives/,lic-data-2019.csv,A,FFF code 111; national total aggregated from commune-level data; native INJEP age band,2019
France,2018-19,male,native_band,75 à 79 ans,3011,registered_licences,INJEP — Recensement des licences sportives,https://injep.fr/donnee/recensement-des-licences-sportives/,lic-data-2019.csv,A,FFF code 111; national total aggregated from commune-level data; native INJEP age band,2019
France,2018-19,male,native_band,80 à 99 ans,1627,registered_licences,INJEP — Recensement des licences sportives,https://injep.fr/donnee/recensement-des-licences-sportives/,lic-data-2019.csv,A,FFF code 111; national total aggregated from commune-level data; native INJEP age band,2019
France,2018-19,male,native_band,NR,185,registered_licences,INJEP — Recensement des licences sportives,https://injep.fr/donnee/recensement-des-licences-sportives/,lic-data-2019.csv,A,FFF code 111; national total aggregated from commune-level data; native INJEP age band,2019
France,2018-19,male,total,,2014294,registered_licences,INJEP — Recensement des licences sportives,https://injep.fr/donnee/recensement-des-licences-sportives/,lic-data-2019.csv,A,FFF code 111; national total aggregated from commune-level data,2019
France,2019-20,female,native_band,1 à 4 ans,0,registered_licences,INJEP — Recensement des licences sportives,https://injep.fr/donnee/recensement-des-licences-sportives/,lic-data-2020.csv,A,FFF code 111; national total aggregated from commune-level data; native INJEP age band,2020
France,2019-20,female,native_band,10 à 14 ans,56399,registered_licences,INJEP — Recensement des licences sportives,https://injep.fr/donnee/recensement-des-licences-sportives/,lic-data-2020.csv,A,FFF code 111; national total aggregated from commune-level data; native INJEP age band,2020
France,2019-20,female,native_band,15 à 19 ans,31547,registered_licences,INJEP — Recensement des licences sportives,https://injep.fr/donnee/recensement-des-licences-sportives/,lic-data-2020.csv,A,FFF code 111; national total aggregated from commune-level data; native INJEP age band,2020
France,2019-20,female,native_band,20 à 24 ans,16843,registered_licences,INJEP — Recensement des licences sportives,https://injep.fr/donnee/recensement-des-licences-sportives/,lic-data-2020.csv,A,FFF code 111; national total aggregated from commune-level data; native INJEP age band,2020
France,2019-20,female,native_band,25 à 29 ans,13545,registered_licences,INJEP — Recensement des licences sportives,https://injep.fr/donnee/recensement-des-licences-sportives/,lic-data-2020.csv,A,FFF code 111; national total aggregated from commune-level data; native INJEP age band,2020
France,2019-20,female,native_band,30 à 34 ans,10476,registered_licences,INJEP — Recensement des licences sportives,https://injep.fr/donnee/recensement-des-licences-sportives/,lic-data-2020.csv,A,FFF code 111; national total aggregated from commune-level data; native INJEP age band,2020
France,2019-20,female,native_band,35 à 39 ans,9468,registered_licences,INJEP — Recensement des licences sportives,https://injep.fr/donnee/recensement-des-licences-sportives/,lic-data-2020.csv,A,FFF code 111; national total aggregated from commune-level data; native INJEP age band,2020
France,2019-20,female,native_band,40 à 44 ans,8357,registered_licences,INJEP — Recensement des licences sportives,https://injep.fr/donnee/recensement-des-licences-sportives/,lic-data-2020.csv,A,FFF code 111; national total aggregated from commune-level data; native INJEP age band,2020
France,2019-20,female,native_band,45 à 49 ans,6880,registered_licences,INJEP — Recensement des licences sportives,https://injep.fr/donnee/recensement-des-licences-sportives/,lic-data-2020.csv,A,FFF code 111; national total aggregated from commune-level data; native INJEP age band,2020
France,2019-20,female,native_band,5 à 9 ans,33429,registered_licences,INJEP — Recensement des licences sportives,https://injep.fr/donnee/recensement-des-licences-sportives/,lic-data-2020.csv,A,FFF code 111; national total aggregated from commune-level data; native INJEP age band,2020
France,2019-20,female,native_band,50 à 54 ans,4511,registered_licences,INJEP — Recensement des licences sportives,https://injep.fr/donnee/recensement-des-licences-sportives/,lic-data-2020.csv,A,FFF code 111; national total aggregated from commune-level data; native INJEP age band,2020
France,2019-20,female,native_band,55 à 59 ans,2699,registered_licences,INJEP — Recensement des licences sportives,https://injep.fr/donnee/recensement-des-licences-sportives/,lic-data-2020.csv,A,FFF code 111; national total aggregated from commune-level data; native INJEP age band,2020
France,2019-20,female,native_band,60 à 64 ans,1969,registered_licences,INJEP — Recensement des licences sportives,https://injep.fr/donnee/recensement-des-licences-sportives/,lic-data-2020.csv,A,FFF code 111; national total aggregated from commune-level data; native INJEP age band,2020
France,2019-20,female,native_band,65 à 69 ans,1318,registered_licences,INJEP — Recensement des licences sportives,https://injep.fr/donnee/recensement-des-licences-sportives/,lic-data-2020.csv,A,FFF code 111; national total aggregated from commune-level data; native INJEP age band,2020
France,2019-20,female,native_band,70 à 74 ans,854,registered_licences,INJEP — Recensement des licences sportives,https://injep.fr/donnee/recensement-des-licences-sportives/,lic-data-2020.csv,A,FFF code 111; national total aggregated from commune-level data; native INJEP age band,2020
France,2019-20,female,native_band,75 à 79 ans,221,registered_licences,INJEP — Recensement des licences sportives,https://injep.fr/donnee/recensement-des-licences-sportives/,lic-data-2020.csv,A,FFF code 111; national total aggregated from commune-level data; native INJEP age band,2020
France,2019-20,female,native_band,80 à 99 ans,97,registered_licences,INJEP — Recensement des licences sportives,https://injep.fr/donnee/recensement-des-licences-sportives/,lic-data-2020.csv,A,FFF code 111; national total aggregated from commune-level data; native INJEP age band,2020
France,2019-20,female,native_band,NR,0,registered_licences,INJEP — Recensement des licences sportives,https://injep.fr/donnee/recensement-des-licences-sportives/,lic-data-2020.csv,A,FFF code 111; national total aggregated from commune-level data; native INJEP age band,2020
France,2019-20,female,total,,198613,registered_licences,INJEP — Recensement des licences sportives,https://injep.fr/donnee/recensement-des-licences-sportives/,lic-data-2020.csv,A,FFF code 111; national total aggregated from commune-level data,2020
France,2019-20,male,native_band,1 à 4 ans,1,registered_licences,INJEP — Recensement des licences sportives,https://injep.fr/donnee/recensement-des-licences-sportives/,lic-data-2020.csv,A,FFF code 111; national total aggregated from commune-level data; native INJEP age band,2020
France,2019-20,male,native_band,10 à 14 ans,428317,registered_licences,INJEP — Recensement des licences sportives,https://injep.fr/donnee/recensement-des-licences-sportives/,lic-data-2020.csv,A,FFF code 111; national total aggregated from commune-level data; native INJEP age band,2020
France,2019-20,male,native_band,15 à 19 ans,241110,registered_licences,INJEP — Recensement des licences sportives,https://injep.fr/donnee/recensement-des-licences-sportives/,lic-data-2020.csv,A,FFF code 111; national total aggregated from commune-level data; native INJEP age band,2020
France,2019-20,male,native_band,20 à 24 ans,158650,registered_licences,INJEP — Recensement des licences sportives,https://injep.fr/donnee/recensement-des-licences-sportives/,lic-data-2020.csv,A,FFF code 111; national total aggregated from commune-level data; native INJEP age band,2020
France,2019-20,male,native_band,25 à 29 ans,144502,registered_licences,INJEP — Recensement des licences sportives,https://injep.fr/donnee/recensement-des-licences-sportives/,lic-data-2020.csv,A,FFF code 111; national total aggregated from commune-level data; native INJEP age band,2020
France,2019-20,male,native_band,30 à 34 ans,125811,registered_licences,INJEP — Recensement des licences sportives,https://injep.fr/donnee/recensement-des-licences-sportives/,lic-data-2020.csv,A,FFF code 111; national total aggregated from commune-level data; native INJEP age band,2020
France,2019-20,male,native_band,35 à 39 ans,113103,registered_licences,INJEP — Recensement des licences sportives,https://injep.fr/donnee/recensement-des-licences-sportives/,lic-data-2020.csv,A,FFF code 111; national total aggregated from commune-level data; native INJEP age band,2020
France,2019-20,male,native_band,40 à 44 ans,88711,registered_licences,INJEP — Recensement des licences sportives,https://injep.fr/donnee/recensement-des-licences-sportives/,lic-data-2020.csv,A,FFF code 111; national total aggregated from commune-level data; native INJEP age band,2020
France,2019-20,male,native_band,45 à 49 ans,73400,registered_licences,INJEP — Recensement des licences sportives,https://injep.fr/donnee/recensement-des-licences-sportives/,lic-data-2020.csv,A,FFF code 111; national total aggregated from commune-level data; native INJEP age band,2020
France,2019-20,male,native_band,5 à 9 ans,412219,registered_licences,INJEP — Recensement des licences sportives,https://injep.fr/donnee/recensement-des-licences-sportives/,lic-data-2020.csv,A,FFF code 111; national total aggregated from commune-level data; native INJEP age band,2020
France,2019-20,male,native_band,50 à 54 ans,46145,registered_licences,INJEP — Recensement des licences sportives,https://injep.fr/donnee/recensement-des-licences-sportives/,lic-data-2020.csv,A,FFF code 111; national total aggregated from commune-level data; native INJEP age band,2020
France,2019-20,male,native_band,55 à 59 ans,29994,registered_licences,INJEP — Recensement des licences sportives,https://injep.fr/donnee/recensement-des-licences-sportives/,lic-data-2020.csv,A,FFF code 111; national total aggregated from commune-level data; native INJEP age band,2020
France,2019-20,male,native_band,60 à 64 ans,20129,registered_licences,INJEP — Recensement des licences sportives,https://injep.fr/donnee/recensement-des-licences-sportives/,lic-data-2020.csv,A,FFF code 111; national total aggregated from commune-level data; native INJEP age band,2020
France,2019-20,male,native_band,65 à 69 ans,14680,registered_licences,INJEP — Recensement des licences sportives,https://injep.fr/donnee/recensement-des-licences-sportives/,lic-data-2020.csv,A,FFF code 111; national total aggregated from commune-level data; native INJEP age band,2020
France,2019-20,male,native_band,70 à 74 ans,9435,registered_licences,INJEP — Recensement des licences sportives,https://injep.fr/donnee/recensement-des-licences-sportives/,lic-data-2020.csv,A,FFF code 111; national total aggregated from commune-level data; native INJEP age band,2020
France,2019-20,male,native_band,75 à 79 ans,3289,registered_licences,INJEP — Recensement des licences sportives,https://injep.fr/donnee/recensement-des-licences-sportives/,lic-data-2020.csv,A,FFF code 111; national total aggregated from commune-level data; native INJEP age band,2020
France,2019-20,male,native_band,80 à 99 ans,1735,registered_licences,INJEP — Recensement des licences sportives,https://injep.fr/donnee/recensement-des-licences-sportives/,lic-data-2020.csv,A,FFF code 111; national total aggregated from commune-level data; native INJEP age band,2020
France,2019-20,male,native_band,NR,0,registered_licences,INJEP — Recensement des licences sportives,https://injep.fr/donnee/recensement-des-licences-sportives/,lic-data-2020.csv,A,FFF code 111; national total aggregated from commune-level data; native INJEP age band,2020
France,2019-20,male,total,,1911231,registered_licences,INJEP — Recensement des licences sportives,https://injep.fr/donnee/recensement-des-licences-sportives/,lic-data-2020.csv,A,FFF code 111; national total aggregated from commune-level data,2020
France,2020-21,female,native_band,1 à 4 ans,0,registered_licences,INJEP — Recensement des licences sportives,https://injep.fr/donnee/recensement-des-licences-sportives/,lic-data-2021.csv,A,FFF code 111; national total aggregated from commune-level data; native INJEP age band,2021
France,2020-21,female,native_band,10 à 14 ans,49334,registered_licences,INJEP — Recensement des licences sportives,https://injep.fr/donnee/recensement-des-licences-sportives/,lic-data-2021.csv,A,FFF code 111; national total aggregated from commune-level data; native INJEP age band,2021
France,2020-21,female,native_band,15 à 19 ans,30724,registered_licences,INJEP — Recensement des licences sportives,https://injep.fr/donnee/recensement-des-licences-sportives/,lic-data-2021.csv,A,FFF code 111; national total aggregated from commune-level data; native INJEP age band,2021
France,2020-21,female,native_band,20 à 24 ans,16463,registered_licences,INJEP — Recensement des licences sportives,https://injep.fr/donnee/recensement-des-licences-sportives/,lic-data-2021.csv,A,FFF code 111; national total aggregated from commune-level data; native INJEP age band,2021
France,2020-21,female,native_band,25 à 29 ans,12751,registered_licences,INJEP — Recensement des licences sportives,https://injep.fr/donnee/recensement-des-licences-sportives/,lic-data-2021.csv,A,FFF code 111; national total aggregated from commune-level data; native INJEP age band,2021
France,2020-21,female,native_band,30 à 34 ans,9832,registered_licences,INJEP — Recensement des licences sportives,https://injep.fr/donnee/recensement-des-licences-sportives/,lic-data-2021.csv,A,FFF code 111; national total aggregated from commune-level data; native INJEP age band,2021
France,2020-21,female,native_band,35 à 39 ans,8584,registered_licences,INJEP — Recensement des licences sportives,https://injep.fr/donnee/recensement-des-licences-sportives/,lic-data-2021.csv,A,FFF code 111; national total aggregated from commune-level data; native INJEP age band,2021
France,2020-21,female,native_band,40 à 44 ans,7863,registered_licences,INJEP — Recensement des licences sportives,https://injep.fr/donnee/recensement-des-licences-sportives/,lic-data-2021.csv,A,FFF code 111; national total aggregated from commune-level data; native INJEP age band,2021
France,2020-21,female,native_band,45 à 49 ans,6399,registered_licences,INJEP — Recensement des licences sportives,https://injep.fr/donnee/recensement-des-licences-sportives/,lic-data-2021.csv,A,FFF code 111; national total aggregated from commune-level data; native INJEP age band,2021
France,2020-21,female,native_band,5 à 9 ans,26643,registered_licences,INJEP — Recensement des licences sportives,https://injep.fr/donnee/recensement-des-licences-sportives/,lic-data-2021.csv,A,FFF code 111; national total aggregated from commune-level data; native INJEP age band,2021
France,2020-21,female,native_band,50 à 54 ans,4268,registered_licences,INJEP — Recensement des licences sportives,https://injep.fr/donnee/recensement-des-licences-sportives/,lic-data-2021.csv,A,FFF code 111; national total aggregated from commune-level data; native INJEP age band,2021
France,2020-21,female,native_band,55 à 59 ans,2674,registered_licences,INJEP — Recensement des licences sportives,https://injep.fr/donnee/recensement-des-licences-sportives/,lic-data-2021.csv,A,FFF code 111; national total aggregated from commune-level data; native INJEP age band,2021
France,2020-21,female,native_band,60 à 64 ans,1911,registered_licences,INJEP — Recensement des licences sportives,https://injep.fr/donnee/recensement-des-licences-sportives/,lic-data-2021.csv,A,FFF code 111; national total aggregated from commune-level data; native INJEP age band,2021
France,2020-21,female,native_band,65 à 69 ans,1324,registered_licences,INJEP — Recensement des licences sportives,https://injep.fr/donnee/recensement-des-licences-sportives/,lic-data-2021.csv,A,FFF code 111; national total aggregated from commune-level data; native INJEP age band,2021
France,2020-21,female,native_band,70 à 74 ans,873,registered_licences,INJEP — Recensement des licences sportives,https://injep.fr/donnee/recensement-des-licences-sportives/,lic-data-2021.csv,A,FFF code 111; national total aggregated from commune-level data; native INJEP age band,2021
France,2020-21,female,native_band,75 à 79 ans,240,registered_licences,INJEP — Recensement des licences sportives,https://injep.fr/donnee/recensement-des-licences-sportives/,lic-data-2021.csv,A,FFF code 111; national total aggregated from commune-level data; native INJEP age band,2021
France,2020-21,female,native_band,80 à 99 ans,94,registered_licences,INJEP — Recensement des licences sportives,https://injep.fr/donnee/recensement-des-licences-sportives/,lic-data-2021.csv,A,FFF code 111; national total aggregated from commune-level data; native INJEP age band,2021
France,2020-21,female,native_band,NR,0,registered_licences,INJEP — Recensement des licences sportives,https://injep.fr/donnee/recensement-des-licences-sportives/,lic-data-2021.csv,A,FFF code 111; national total aggregated from commune-level data; native INJEP age band,2021
France,2020-21,female,total,,179977,registered_licences,INJEP — Recensement des licences sportives,https://injep.fr/donnee/recensement-des-licences-sportives/,lic-data-2021.csv,A,FFF code 111; national total aggregated from commune-level data,2021
France,2020-21,male,native_band,1 à 4 ans,2,registered_licences,INJEP — Recensement des licences sportives,https://injep.fr/donnee/recensement-des-licences-sportives/,lic-data-2021.csv,A,FFF code 111; national total aggregated from commune-level data; native INJEP age band,2021
France,2020-21,male,native_band,10 à 14 ans,387716,registered_licences,INJEP — Recensement des licences sportives,https://injep.fr/donnee/recensement-des-licences-sportives/,lic-data-2021.csv,A,FFF code 111; national total aggregated from commune-level data; native INJEP age band,2021
France,2020-21,male,native_band,15 à 19 ans,228205,registered_licences,INJEP — Recensement des licences sportives,https://injep.fr/donnee/recensement-des-licences-sportives/,lic-data-2021.csv,A,FFF code 111; national total aggregated from commune-level data; native INJEP age band,2021
France,2020-21,male,native_band,20 à 24 ans,150650,registered_licences,INJEP — Recensement des licences sportives,https://injep.fr/donnee/recensement-des-licences-sportives/,lic-data-2021.csv,A,FFF code 111; national total aggregated from commune-level data; native INJEP age band,2021
France,2020-21,male,native_band,25 à 29 ans,133823,registered_licences,INJEP — Recensement des licences sportives,https://injep.fr/donnee/recensement-des-licences-sportives/,lic-data-2021.csv,A,FFF code 111; national total aggregated from commune-level data; native INJEP age band,2021
France,2020-21,male,native_band,30 à 34 ans,118568,registered_licences,INJEP — Recensement des licences sportives,https://injep.fr/donnee/recensement-des-licences-sportives/,lic-data-2021.csv,A,FFF code 111; national total aggregated from commune-level data; native INJEP age band,2021
France,2020-21,male,native_band,35 à 39 ans,105112,registered_licences,INJEP — Recensement des licences sportives,https://injep.fr/donnee/recensement-des-licences-sportives/,lic-data-2021.csv,A,FFF code 111; national total aggregated from commune-level data; native INJEP age band,2021
France,2020-21,male,native_band,40 à 44 ans,83907,registered_licences,INJEP — Recensement des licences sportives,https://injep.fr/donnee/recensement-des-licences-sportives/,lic-data-2021.csv,A,FFF code 111; national total aggregated from commune-level data; native INJEP age band,2021
France,2020-21,male,native_band,45 à 49 ans,67006,registered_licences,INJEP — Recensement des licences sportives,https://injep.fr/donnee/recensement-des-licences-sportives/,lic-data-2021.csv,A,FFF code 111; national total aggregated from commune-level data; native INJEP age band,2021
France,2020-21,male,native_band,5 à 9 ans,327872,registered_licences,INJEP — Recensement des licences sportives,https://injep.fr/donnee/recensement-des-licences-sportives/,lic-data-2021.csv,A,FFF code 111; national total aggregated from commune-level data; native INJEP age band,2021
France,2020-21,male,native_band,50 à 54 ans,43124,registered_licences,INJEP — Recensement des licences sportives,https://injep.fr/donnee/recensement-des-licences-sportives/,lic-data-2021.csv,A,FFF code 111; national total aggregated from commune-level data; native INJEP age band,2021
France,2020-21,male,native_band,55 à 59 ans,28579,registered_licences,INJEP — Recensement des licences sportives,https://injep.fr/donnee/recensement-des-licences-sportives/,lic-data-2021.csv,A,FFF code 111; national total aggregated from commune-level data; native INJEP age band,2021
France,2020-21,male,native_band,60 à 64 ans,19264,registered_licences,INJEP — Recensement des licences sportives,https://injep.fr/donnee/recensement-des-licences-sportives/,lic-data-2021.csv,A,FFF code 111; national total aggregated from commune-level data; native INJEP age band,2021
France,2020-21,male,native_band,65 à 69 ans,13680,registered_licences,INJEP — Recensement des licences sportives,https://injep.fr/donnee/recensement-des-licences-sportives/,lic-data-2021.csv,A,FFF code 111; national total aggregated from commune-level data; native INJEP age band,2021
France,2020-21,male,native_band,70 à 74 ans,9521,registered_licences,INJEP — Recensement des licences sportives,https://injep.fr/donnee/recensement-des-licences-sportives/,lic-data-2021.csv,A,FFF code 111; national total aggregated from commune-level data; native INJEP age band,2021
France,2020-21,male,native_band,75 à 79 ans,3318,registered_licences,INJEP — Recensement des licences sportives,https://injep.fr/donnee/recensement-des-licences-sportives/,lic-data-2021.csv,A,FFF code 111; national total aggregated from commune-level data; native INJEP age band,2021
France,2020-21,male,native_band,80 à 99 ans,1712,registered_licences,INJEP — Recensement des licences sportives,https://injep.fr/donnee/recensement-des-licences-sportives/,lic-data-2021.csv,A,FFF code 111; national total aggregated from commune-level data; native INJEP age band,2021
France,2020-21,male,native_band,NR,0,registered_licences,INJEP — Recensement des licences sportives,https://injep.fr/donnee/recensement-des-licences-sportives/,lic-data-2021.csv,A,FFF code 111; national total aggregated from commune-level data; native INJEP age band,2021
France,2020-21,male,total,,1722059,registered_licences,INJEP — Recensement des licences sportives,https://injep.fr/donnee/recensement-des-licences-sportives/,lic-data-2021.csv,A,FFF code 111; national total aggregated from commune-level data,2021
France,2021-22,female,native_band,1 à 4 ans,0,registered_licences,INJEP — Recensement des licences sportives,https://injep.fr/donnee/recensement-des-licences-sportives/,lic-data-2022.csv,A,FFF code 111; national total aggregated from commune-level data; native INJEP age band,2022
France,2021-22,female,native_band,10 à 14 ans,60025,registered_licences,INJEP — Recensement des licences sportives,https://injep.fr/donnee/recensement-des-licences-sportives/,lic-data-2022.csv,A,FFF code 111; national total aggregated from commune-level data; native INJEP age band,2022
France,2021-22,female,native_band,15 à 19 ans,32802,registered_licences,INJEP — Recensement des licences sportives,https://injep.fr/donnee/recensement-des-licences-sportives/,lic-data-2022.csv,A,FFF code 111; national total aggregated from commune-level data; native INJEP age band,2022
France,2021-22,female,native_band,20 à 24 ans,18256,registered_licences,INJEP — Recensement des licences sportives,https://injep.fr/donnee/recensement-des-licences-sportives/,lic-data-2022.csv,A,FFF code 111; national total aggregated from commune-level data; native INJEP age band,2022
France,2021-22,female,native_band,25 à 29 ans,13510,registered_licences,INJEP — Recensement des licences sportives,https://injep.fr/donnee/recensement-des-licences-sportives/,lic-data-2022.csv,A,FFF code 111; national total aggregated from commune-level data; native INJEP age band,2022
France,2021-22,female,native_band,30 à 34 ans,10536,registered_licences,INJEP — Recensement des licences sportives,https://injep.fr/donnee/recensement-des-licences-sportives/,lic-data-2022.csv,A,FFF code 111; national total aggregated from commune-level data; native INJEP age band,2022
France,2021-22,female,native_band,35 à 39 ans,9340,registered_licences,INJEP — Recensement des licences sportives,https://injep.fr/donnee/recensement-des-licences-sportives/,lic-data-2022.csv,A,FFF code 111; national total aggregated from commune-level data; native INJEP age band,2022
France,2021-22,female,native_band,40 à 44 ans,8729,registered_licences,INJEP — Recensement des licences sportives,https://injep.fr/donnee/recensement-des-licences-sportives/,lic-data-2022.csv,A,FFF code 111; national total aggregated from commune-level data; native INJEP age band,2022
France,2021-22,female,native_band,45 à 49 ans,6559,registered_licences,INJEP — Recensement des licences sportives,https://injep.fr/donnee/recensement-des-licences-sportives/,lic-data-2022.csv,A,FFF code 111; national total aggregated from commune-level data; native INJEP age band,2022
France,2021-22,female,native_band,5 à 9 ans,37938,registered_licences,INJEP — Recensement des licences sportives,https://injep.fr/donnee/recensement-des-licences-sportives/,lic-data-2022.csv,A,FFF code 111; national total aggregated from commune-level data; native INJEP age band,2022
France,2021-22,female,native_band,50 à 54 ans,4345,registered_licences,INJEP — Recensement des licences sportives,https://injep.fr/donnee/recensement-des-licences-sportives/,lic-data-2022.csv,A,FFF code 111; national total aggregated from commune-level data; native INJEP age band,2022
France,2021-22,female,native_band,55 à 59 ans,2863,registered_licences,INJEP — Recensement des licences sportives,https://injep.fr/donnee/recensement-des-licences-sportives/,lic-data-2022.csv,A,FFF code 111; national total aggregated from commune-level data; native INJEP age band,2022
France,2021-22,female,native_band,60 à 64 ans,1952,registered_licences,INJEP — Recensement des licences sportives,https://injep.fr/donnee/recensement-des-licences-sportives/,lic-data-2022.csv,A,FFF code 111; national total aggregated from commune-level data; native INJEP age band,2022
France,2021-22,female,native_band,65 à 69 ans,1408,registered_licences,INJEP — Recensement des licences sportives,https://injep.fr/donnee/recensement-des-licences-sportives/,lic-data-2022.csv,A,FFF code 111; national total aggregated from commune-level data; native INJEP age band,2022
France,2021-22,female,native_band,70 à 74 ans,909,registered_licences,INJEP — Recensement des licences sportives,https://injep.fr/donnee/recensement-des-licences-sportives/,lic-data-2022.csv,A,FFF code 111; national total aggregated from commune-level data; native INJEP age band,2022
France,2021-22,female,native_band,75 à 79 ans,313,registered_licences,INJEP — Recensement des licences sportives,https://injep.fr/donnee/recensement-des-licences-sportives/,lic-data-2022.csv,A,FFF code 111; national total aggregated from commune-level data; native INJEP age band,2022
France,2021-22,female,native_band,80 à 99 ans,108,registered_licences,INJEP — Recensement des licences sportives,https://injep.fr/donnee/recensement-des-licences-sportives/,lic-data-2022.csv,A,FFF code 111; national total aggregated from commune-level data; native INJEP age band,2022
France,2021-22,female,native_band,NR,0,registered_licences,INJEP — Recensement des licences sportives,https://injep.fr/donnee/recensement-des-licences-sportives/,lic-data-2022.csv,A,FFF code 111; national total aggregated from commune-level data; native INJEP age band,2022
France,2021-22,female,total,,209593,registered_licences,INJEP — Recensement des licences sportives,https://injep.fr/donnee/recensement-des-licences-sportives/,lic-data-2022.csv,A,FFF code 111; national total aggregated from commune-level data,2022
France,2021-22,male,native_band,1 à 4 ans,6,registered_licences,INJEP — Recensement des licences sportives,https://injep.fr/donnee/recensement-des-licences-sportives/,lic-data-2022.csv,A,FFF code 111; national total aggregated from commune-level data; native INJEP age band,2022
France,2021-22,male,native_band,10 à 14 ans,437943,registered_licences,INJEP — Recensement des licences sportives,https://injep.fr/donnee/recensement-des-licences-sportives/,lic-data-2022.csv,A,FFF code 111; national total aggregated from commune-level data; native INJEP age band,2022
France,2021-22,male,native_band,15 à 19 ans,249457,registered_licences,INJEP — Recensement des licences sportives,https://injep.fr/donnee/recensement-des-licences-sportives/,lic-data-2022.csv,A,FFF code 111; national total aggregated from commune-level data; native INJEP age band,2022
France,2021-22,male,native_band,20 à 24 ans,164175,registered_licences,INJEP — Recensement des licences sportives,https://injep.fr/donnee/recensement-des-licences-sportives/,lic-data-2022.csv,A,FFF code 111; national total aggregated from commune-level data; native INJEP age band,2022
France,2021-22,male,native_band,25 à 29 ans,138030,registered_licences,INJEP — Recensement des licences sportives,https://injep.fr/donnee/recensement-des-licences-sportives/,lic-data-2022.csv,A,FFF code 111; national total aggregated from commune-level data; native INJEP age band,2022
France,2021-22,male,native_band,30 à 34 ans,123018,registered_licences,INJEP — Recensement des licences sportives,https://injep.fr/donnee/recensement-des-licences-sportives/,lic-data-2022.csv,A,FFF code 111; national total aggregated from commune-level data; native INJEP age band,2022
France,2021-22,male,native_band,35 à 39 ans,110738,registered_licences,INJEP — Recensement des licences sportives,https://injep.fr/donnee/recensement-des-licences-sportives/,lic-data-2022.csv,A,FFF code 111; national total aggregated from commune-level data; native INJEP age band,2022
France,2021-22,male,native_band,40 à 44 ans,91881,registered_licences,INJEP — Recensement des licences sportives,https://injep.fr/donnee/recensement-des-licences-sportives/,lic-data-2022.csv,A,FFF code 111; national total aggregated from commune-level data; native INJEP age band,2022
France,2021-22,male,native_band,45 à 49 ans,68186,registered_licences,INJEP — Recensement des licences sportives,https://injep.fr/donnee/recensement-des-licences-sportives/,lic-data-2022.csv,A,FFF code 111; national total aggregated from commune-level data; native INJEP age band,2022
France,2021-22,male,native_band,5 à 9 ans,412516,registered_licences,INJEP — Recensement des licences sportives,https://injep.fr/donnee/recensement-des-licences-sportives/,lic-data-2022.csv,A,FFF code 111; national total aggregated from commune-level data; native INJEP age band,2022
France,2021-22,male,native_band,50 à 54 ans,45573,registered_licences,INJEP — Recensement des licences sportives,https://injep.fr/donnee/recensement-des-licences-sportives/,lic-data-2022.csv,A,FFF code 111; national total aggregated from commune-level data; native INJEP age band,2022
France,2021-22,male,native_band,55 à 59 ans,29666,registered_licences,INJEP — Recensement des licences sportives,https://injep.fr/donnee/recensement-des-licences-sportives/,lic-data-2022.csv,A,FFF code 111; national total aggregated from commune-level data; native INJEP age band,2022
France,2021-22,male,native_band,60 à 64 ans,19964,registered_licences,INJEP — Recensement des licences sportives,https://injep.fr/donnee/recensement-des-licences-sportives/,lic-data-2022.csv,A,FFF code 111; national total aggregated from commune-level data; native INJEP age band,2022
France,2021-22,male,native_band,65 à 69 ans,14120,registered_licences,INJEP — Recensement des licences sportives,https://injep.fr/donnee/recensement-des-licences-sportives/,lic-data-2022.csv,A,FFF code 111; national total aggregated from commune-level data; native INJEP age band,2022
France,2021-22,male,native_band,70 à 74 ans,9538,registered_licences,INJEP — Recensement des licences sportives,https://injep.fr/donnee/recensement-des-licences-sportives/,lic-data-2022.csv,A,FFF code 111; national total aggregated from commune-level data; native INJEP age band,2022
France,2021-22,male,native_band,75 à 79 ans,3989,registered_licences,INJEP — Recensement des licences sportives,https://injep.fr/donnee/recensement-des-licences-sportives/,lic-data-2022.csv,A,FFF code 111; national total aggregated from commune-level data; native INJEP age band,2022
France,2021-22,male,native_band,80 à 99 ans,1702,registered_licences,INJEP — Recensement des licences sportives,https://injep.fr/donnee/recensement-des-licences-sportives/,lic-data-2022.csv,A,FFF code 111; national total aggregated from commune-level data; native INJEP age band,2022
France,2021-22,male,native_band,NR,0,registered_licences,INJEP — Recensement des licences sportives,https://injep.fr/donnee/recensement-des-licences-sportives/,lic-data-2022.csv,A,FFF code 111; national total aggregated from commune-level data; native INJEP age band,2022
France,2021-22,male,total,,1920502,registered_licences,INJEP — Recensement des licences sportives,https://injep.fr/donnee/recensement-des-licences-sportives/,lic-data-2022.csv,A,FFF code 111; national total aggregated from commune-level data,2022
France,2022-23,female,native_band,1 à 4 ans,0,registered_licences,INJEP — Recensement des licences sportives,https://injep.fr/donnee/recensement-des-licences-sportives/,lic-data-2023.csv,A,FFF code 111; national total aggregated from commune-level data; native INJEP age band,2023
France,2022-23,female,native_band,10 à 14 ans,69827,registered_licences,INJEP — Recensement des licences sportives,https://injep.fr/donnee/recensement-des-licences-sportives/,lic-data-2023.csv,A,FFF code 111; national total aggregated from commune-level data; native INJEP age band,2023
France,2022-23,female,native_band,15 à 19 ans,34820,registered_licences,INJEP — Recensement des licences sportives,https://injep.fr/donnee/recensement-des-licences-sportives/,lic-data-2023.csv,A,FFF code 111; national total aggregated from commune-level data; native INJEP age band,2023
France,2022-23,female,native_band,20 à 24 ans,19791,registered_licences,INJEP — Recensement des licences sportives,https://injep.fr/donnee/recensement-des-licences-sportives/,lic-data-2023.csv,A,FFF code 111; national total aggregated from commune-level data; native INJEP age band,2023
France,2022-23,female,native_band,25 à 29 ans,14206,registered_licences,INJEP — Recensement des licences sportives,https://injep.fr/donnee/recensement-des-licences-sportives/,lic-data-2023.csv,A,FFF code 111; national total aggregated from commune-level data; native INJEP age band,2023
France,2022-23,female,native_band,30 à 34 ans,11424,registered_licences,INJEP — Recensement des licences sportives,https://injep.fr/donnee/recensement-des-licences-sportives/,lic-data-2023.csv,A,FFF code 111; national total aggregated from commune-level data; native INJEP age band,2023
France,2022-23,female,native_band,35 à 39 ans,10934,registered_licences,INJEP — Recensement des licences sportives,https://injep.fr/donnee/recensement-des-licences-sportives/,lic-data-2023.csv,A,FFF code 111; national total aggregated from commune-level data; native INJEP age band,2023
France,2022-23,female,native_band,40 à 44 ans,9877,registered_licences,INJEP — Recensement des licences sportives,https://injep.fr/donnee/recensement-des-licences-sportives/,lic-data-2023.csv,A,FFF code 111; national total aggregated from commune-level data; native INJEP age band,2023
France,2022-23,female,native_band,45 à 49 ans,7168,registered_licences,INJEP — Recensement des licences sportives,https://injep.fr/donnee/recensement-des-licences-sportives/,lic-data-2023.csv,A,FFF code 111; national total aggregated from commune-level data; native INJEP age band,2023
France,2022-23,female,native_band,5 à 9 ans,34930,registered_licences,INJEP — Recensement des licences sportives,https://injep.fr/donnee/recensement-des-licences-sportives/,lic-data-2023.csv,A,FFF code 111; national total aggregated from commune-level data; native INJEP age band,2023
France,2022-23,female,native_band,50 à 54 ans,4755,registered_licences,INJEP — Recensement des licences sportives,https://injep.fr/donnee/recensement-des-licences-sportives/,lic-data-2023.csv,A,FFF code 111; national total aggregated from commune-level data; native INJEP age band,2023
France,2022-23,female,native_band,55 à 59 ans,3100,registered_licences,INJEP — Recensement des licences sportives,https://injep.fr/donnee/recensement-des-licences-sportives/,lic-data-2023.csv,A,FFF code 111; national total aggregated from commune-level data; native INJEP age band,2023
France,2022-23,female,native_band,60 à 64 ans,2089,registered_licences,INJEP — Recensement des licences sportives,https://injep.fr/donnee/recensement-des-licences-sportives/,lic-data-2023.csv,A,FFF code 111; national total aggregated from commune-level data; native INJEP age band,2023
France,2022-23,female,native_band,65 à 69 ans,1482,registered_licences,INJEP — Recensement des licences sportives,https://injep.fr/donnee/recensement-des-licences-sportives/,lic-data-2023.csv,A,FFF code 111; national total aggregated from commune-level data; native INJEP age band,2023
France,2022-23,female,native_band,70 à 74 ans,961,registered_licences,INJEP — Recensement des licences sportives,https://injep.fr/donnee/recensement-des-licences-sportives/,lic-data-2023.csv,A,FFF code 111; national total aggregated from commune-level data; native INJEP age band,2023
France,2022-23,female,native_band,75 à 79 ans,403,registered_licences,INJEP — Recensement des licences sportives,https://injep.fr/donnee/recensement-des-licences-sportives/,lic-data-2023.csv,A,FFF code 111; national total aggregated from commune-level data; native INJEP age band,2023
France,2022-23,female,native_band,80 à 99 ans,128,registered_licences,INJEP — Recensement des licences sportives,https://injep.fr/donnee/recensement-des-licences-sportives/,lic-data-2023.csv,A,FFF code 111; national total aggregated from commune-level data; native INJEP age band,2023
France,2022-23,female,native_band,NR,0,registered_licences,INJEP — Recensement des licences sportives,https://injep.fr/donnee/recensement-des-licences-sportives/,lic-data-2023.csv,A,FFF code 111; national total aggregated from commune-level data; native INJEP age band,2023
France,2022-23,female,total,,225895,registered_licences,INJEP — Recensement des licences sportives,https://injep.fr/donnee/recensement-des-licences-sportives/,lic-data-2023.csv,A,FFF code 111; national total aggregated from commune-level data,2023
France,2022-23,male,native_band,1 à 4 ans,5,registered_licences,INJEP — Recensement des licences sportives,https://injep.fr/donnee/recensement-des-licences-sportives/,lic-data-2023.csv,A,FFF code 111; national total aggregated from commune-level data; native INJEP age band,2023
France,2022-23,male,native_band,10 à 14 ans,475498,registered_licences,INJEP — Recensement des licences sportives,https://injep.fr/donnee/recensement-des-licences-sportives/,lic-data-2023.csv,A,FFF code 111; national total aggregated from commune-level data; native INJEP age band,2023
France,2022-23,male,native_band,15 à 19 ans,258741,registered_licences,INJEP — Recensement des licences sportives,https://injep.fr/donnee/recensement-des-licences-sportives/,lic-data-2023.csv,A,FFF code 111; national total aggregated from commune-level data; native INJEP age band,2023
France,2022-23,male,native_band,20 à 24 ans,166074,registered_licences,INJEP — Recensement des licences sportives,https://injep.fr/donnee/recensement-des-licences-sportives/,lic-data-2023.csv,A,FFF code 111; national total aggregated from commune-level data; native INJEP age band,2023
France,2022-23,male,native_band,25 à 29 ans,135198,registered_licences,INJEP — Recensement des licences sportives,https://injep.fr/donnee/recensement-des-licences-sportives/,lic-data-2023.csv,A,FFF code 111; national total aggregated from commune-level data; native INJEP age band,2023
France,2022-23,male,native_band,30 à 34 ans,121183,registered_licences,INJEP — Recensement des licences sportives,https://injep.fr/donnee/recensement-des-licences-sportives/,lic-data-2023.csv,A,FFF code 111; national total aggregated from commune-level data; native INJEP age band,2023
France,2022-23,male,native_band,35 à 39 ans,114185,registered_licences,INJEP — Recensement des licences sportives,https://injep.fr/donnee/recensement-des-licences-sportives/,lic-data-2023.csv,A,FFF code 111; national total aggregated from commune-level data; native INJEP age band,2023
France,2022-23,male,native_band,40 à 44 ans,98232,registered_licences,INJEP — Recensement des licences sportives,https://injep.fr/donnee/recensement-des-licences-sportives/,lic-data-2023.csv,A,FFF code 111; national total aggregated from commune-level data; native INJEP age band,2023
France,2022-23,male,native_band,45 à 49 ans,69588,registered_licences,INJEP — Recensement des licences sportives,https://injep.fr/donnee/recensement-des-licences-sportives/,lic-data-2023.csv,A,FFF code 111; national total aggregated from commune-level data; native INJEP age band,2023
France,2022-23,male,native_band,5 à 9 ans,422883,registered_licences,INJEP — Recensement des licences sportives,https://injep.fr/donnee/recensement-des-licences-sportives/,lic-data-2023.csv,A,FFF code 111; national total aggregated from commune-level data; native INJEP age band,2023
France,2022-23,male,native_band,50 à 54 ans,47259,registered_licences,INJEP — Recensement des licences sportives,https://injep.fr/donnee/recensement-des-licences-sportives/,lic-data-2023.csv,A,FFF code 111; national total aggregated from commune-level data; native INJEP age band,2023
France,2022-23,male,native_band,55 à 59 ans,29963,registered_licences,INJEP — Recensement des licences sportives,https://injep.fr/donnee/recensement-des-licences-sportives/,lic-data-2023.csv,A,FFF code 111; national total aggregated from commune-level data; native INJEP age band,2023
France,2022-23,male,native_band,60 à 64 ans,20835,registered_licences,INJEP — Recensement des licences sportives,https://injep.fr/donnee/recensement-des-licences-sportives/,lic-data-2023.csv,A,FFF code 111; national total aggregated from commune-level data; native INJEP age band,2023
France,2022-23,male,native_band,65 à 69 ans,14148,registered_licences,INJEP — Recensement des licences sportives,https://injep.fr/donnee/recensement-des-licences-sportives/,lic-data-2023.csv,A,FFF code 111; national total aggregated from commune-level data; native INJEP age band,2023
France,2022-23,male,native_band,70 à 74 ans,9701,registered_licences,INJEP — Recensement des licences sportives,https://injep.fr/donnee/recensement-des-licences-sportives/,lic-data-2023.csv,A,FFF code 111; national total aggregated from commune-level data; native INJEP age band,2023
France,2022-23,male,native_band,75 à 79 ans,4609,registered_licences,INJEP — Recensement des licences sportives,https://injep.fr/donnee/recensement-des-licences-sportives/,lic-data-2023.csv,A,FFF code 111; national total aggregated from commune-level data; native INJEP age band,2023
France,2022-23,male,native_band,80 à 99 ans,1851,registered_licences,INJEP — Recensement des licences sportives,https://injep.fr/donnee/recensement-des-licences-sportives/,lic-data-2023.csv,A,FFF code 111; national total aggregated from commune-level data; native INJEP age band,2023
France,2022-23,male,native_band,NR,0,registered_licences,INJEP — Recensement des licences sportives,https://injep.fr/donnee/recensement-des-licences-sportives/,lic-data-2023.csv,A,FFF code 111; national total aggregated from commune-level data; native INJEP age band,2023
France,2022-23,male,total,,1989953,registered_licences,INJEP — Recensement des licences sportives,https://injep.fr/donnee/recensement-des-licences-sportives/,lic-data-2023.csv,A,FFF code 111; national total aggregated from commune-level data,2023
