Pos,Team,Pld,W,D,L,GF,GA,GR,Pts,Qualification or relegation,season,GD,GAv,City
1,1. FC Köln,30,17,11,2,78,40,1.95,45,Qualification to European Cup preliminary round,1963/64,38,1.95,Köln
2,MSV Duisburg,30,13,13,4,60,36,1.667,39,,1963/64,24,1.667,Duisburg
3,Eintracht Frankfurt,30,16,7,7,65,41,1.585,39,Qualification to Inter-Cities Fairs Cup first round,1963/64,24,1.585,Frankfurt
4,Borussia Dortmund,30,14,5,11,73,57,1.281,33,Qualification to Inter-Cities Fairs Cup first round,1963/64,16,1.281,Dortmund
5,VfB Stuttgart,30,13,7,10,48,40,1.2,33,Qualification to Inter-Cities Fairs Cup first round,1963/64,8,1.2,Stuttgart
6,Hamburger SV,30,11,10,9,69,60,1.15,32,,1963/64,9,1.15,Hamburg
7,1860 Munich,30,11,9,10,66,50,1.32,31,Qualification to Cup Winners' Cup first round,1963/64,16,1.32,München
8,Schalke 04,30,12,5,13,51,53,0.962,29,,1963/64,-2,0.962,Gelsenkirchen
9,1. FC Nürnberg,30,11,7,12,45,56,0.804,29,,1963/64,-11,0.804,Nürnberg
10,Werder Bremen,30,10,8,12,53,62,0.855,28,,1963/64,-9,0.855,Bremen
11,Eintracht Braunschweig,30,11,6,13,36,49,0.735,28,,1963/64,-13,0.735,Braunschweig
12,1. FC Kaiserslautern,30,10,6,14,48,69,0.696,26,,1963/64,-21,0.696,Kaiserslautern
13,Karlsruher SC,30,8,8,14,42,55,0.764,24,,1963/64,-13,0.764,Karlsruhe
14,Hertha BSC,30,9,6,15,45,65,0.692,24,Qualification to Inter-Cities Fairs Cup first round,1963/64,-20,0.692,Berlin
15,Preußen Münster,30,7,9,14,34,52,0.654,23,Relegation to Regionalliga,1963/64,-18,0.654,Münster
16,1. FC Saarbrücken,30,6,5,19,44,72,0.611,17,Relegation to Regionalliga,1963/64,-28,0.611,Saarbrücken
1,Werder Bremen,30,15,11,4,54,29,1.862,41,Qualification to European Cup preliminary round,1964/65,25,1.862,Bremen
2,1. FC Köln,30,14,10,6,66,45,1.467,38,Qualification to Inter-Cities Fairs Cup first round,1964/65,21,1.467,Köln
3,Borussia Dortmund,30,15,6,9,67,48,1.396,36,Qualification to Cup Winners' Cup first round,1964/65,19,1.396,Dortmund
4,1860 Munich,30,14,7,9,70,50,1.4,35,Qualification to Inter-Cities Fairs Cup first round,1964/65,20,1.4,München
5,Hannover 96,30,13,7,10,48,42,1.143,33,Qualification to Inter-Cities Fairs Cup second round,1964/65,6,1.143,Hannover
6,1. FC Nürnberg,30,11,10,9,44,38,1.158,32,Qualification to Inter-Cities Fairs Cup first round,1964/65,6,1.158,Nürnberg
7,MSV Duisburg,30,12,8,10,46,48,0.958,32,,1964/65,-2,0.958,Duisburg
8,Eintracht Frankfurt,30,11,7,12,50,58,0.862,29,,1964/65,-8,0.862,Frankfurt
9,Eintracht Braunschweig,30,10,8,12,42,47,0.894,28,,1964/65,-5,0.894,Braunschweig
10,Borussia Neunkirchen,30,9,9,12,44,48,0.917,27,,1964/65,-4,0.917,Neunkirchen
11,Hamburger SV,30,11,5,14,46,56,0.821,27,,1964/65,-10,0.821,Hamburg
12,VfB Stuttgart,30,9,8,13,46,50,0.92,26,,1964/65,-4,0.92,Stuttgart
13,1. FC Kaiserslautern,30,11,3,16,41,53,0.774,25,,1964/65,-12,0.774,Kaiserslautern
14,Hertha BSC,30,7,11,12,40,62,0.645,25,Relegation to Regionalliga[a],1964/65,-22,0.645,Berlin
15,Karlsruher SC,30,9,6,15,47,62,0.758,24,,1964/65,-15,0.758,Karlsruhe
16,Schalke 04,30,7,8,15,45,60,0.75,22,,1964/65,-15,0.75,Gelsenkirchen
1,1860 Munich,34,20,10,4,80,40,2.0,50,Qualification to European Cup first round,1965/66,40,2.0,München
2,Borussia Dortmund,34,19,9,6,70,36,1.944,47,Qualification to Cup Winners' Cup second round[a],1965/66,34,1.944,Dortmund
3,Bayern Munich,34,20,7,7,71,38,1.868,47,Qualification to Cup Winners' Cup first round,1965/66,33,1.868,München
4,Werder Bremen,34,21,3,10,76,40,1.9,45,,1965/66,36,1.9,Bremen
5,1. FC Köln,34,19,6,9,74,41,1.805,44,,1965/66,33,1.805,Köln
6,1. FC Nürnberg,34,14,11,9,54,43,1.256,39,Qualification to Inter-Cities Fairs Cup first round,1965/66,11,1.256,Nürnberg
7,Eintracht Frankfurt,34,16,6,12,64,46,1.391,38,Qualification to Inter-Cities Fairs Cup first round,1965/66,18,1.391,Frankfurt
8,MSV Duisburg,34,14,8,12,70,48,1.458,36,,1965/66,22,1.458,Duisburg
9,Hamburger SV,34,13,8,13,64,52,1.231,34,,1965/66,12,1.231,Hamburg
10,Eintracht Braunschweig,34,11,12,11,49,49,1.0,34,,1965/66,0,1.0,Braunschweig
11,VfB Stuttgart,34,13,6,15,42,48,0.875,32,Qualification to Inter-Cities Fairs Cup first round,1965/66,-6,0.875,Stuttgart
12,Hannover 96,34,11,8,15,59,57,1.035,30,,1965/66,2,1.035,Hannover
13,Borussia Mönchengladbach,34,9,11,14,57,68,0.838,29,,1965/66,-11,0.838,Mönchengladbach
14,Schalke 04,34,10,7,17,33,55,0.6,27,,1965/66,-22,0.6,Gelsenkirchen
15,1. FC Kaiserslautern,34,8,10,16,42,65,0.646,26,,1965/66,-23,0.646,Kaiserslautern
16,Karlsruher SC,34,9,6,19,35,71,0.493,24,,1965/66,-36,0.493,Karlsruhe
17,Borussia Neunkirchen,34,9,4,21,32,82,0.39,22,Relegation to Regionalliga,1965/66,-50,0.39,Neunkirchen
18,Tasmania Berlin,34,2,4,28,15,108,0.139,8,Relegation to Regionalliga,1965/66,-93,0.139,Berlin
1,Eintracht Braunschweig,34,17,9,8,49,27,1.815,43,Qualification to European Cup first round,1966/67,22,1.815,Braunschweig
2,1860 Munich,34,17,7,10,60,47,1.277,41,Qualification to Inter-Cities Fairs Cup first round,1966/67,13,1.277,München
3,Borussia Dortmund,34,15,9,10,70,41,1.707,39,,1966/67,29,1.707,Dortmund
4,Eintracht Frankfurt,34,15,9,10,66,49,1.347,39,Qualification to Inter-Cities Fairs Cup first round,1966/67,17,1.347,Frankfurt
5,1. FC Kaiserslautern,34,13,12,9,43,42,1.024,38,,1966/67,1,1.024,Kaiserslautern
6,Bayern Munich,34,16,5,13,62,47,1.319,37,Qualification to Cup Winners' Cup first round[a],1966/67,15,1.319,München
7,1. FC Köln,34,14,9,11,48,48,1.0,37,Qualification to Inter-Cities Fairs Cup first round,1966/67,0,1.0,Köln
8,Borussia Mönchengladbach,34,12,10,12,70,49,1.429,34,,1966/67,21,1.429,Mönchengladbach
9,Hannover 96,34,13,8,13,40,46,0.87,34,Qualification to Inter-Cities Fairs Cup first round,1966/67,-6,0.87,Hannover
10,1. FC Nürnberg,34,12,10,12,43,50,0.86,34,,1966/67,-7,0.86,Nürnberg
11,MSV Duisburg,34,10,13,11,40,42,0.952,33,,1966/67,-2,0.952,Duisburg
12,VfB Stuttgart,34,10,13,11,48,54,0.889,33,,1966/67,-6,0.889,Stuttgart
13,Karlsruher SC,34,11,9,14,54,62,0.871,31,,1966/67,-8,0.871,Karlsruhe
14,Hamburger SV,34,10,10,14,37,53,0.698,30,Qualification to Cup Winners' Cup first round[a],1966/67,-16,0.698,Hamburg
15,Schalke 04,34,12,6,16,37,63,0.587,30,,1966/67,-26,0.587,Gelsenkirchen
16,Werder Bremen,34,10,9,15,49,56,0.875,29,,1966/67,-7,0.875,Bremen
17,Fortuna Düsseldorf,34,9,7,18,44,66,0.667,25,Relegation to Regionalliga,1966/67,-22,0.667,Düsseldorf
18,Rot-Weiss Essen,34,6,13,15,35,53,0.66,25,Relegation to Regionalliga,1966/67,-18,0.66,Essen
1,1. FC Nürnberg,34,19,9,6,71,37,1.919,47,Qualification to European Cup first round,1967/68,34,1.919,Nürnberg
2,Werder Bremen,34,18,8,8,68,51,1.333,44,,1967/68,17,1.333,Bremen
3,Borussia Mönchengladbach,34,15,12,7,77,45,1.711,42,,1967/68,32,1.711,Mönchengladbach
4,1. FC Köln,34,17,4,13,68,52,1.308,38,Qualification to Cup Winners' Cup first round,1967/68,16,1.308,Köln
5,Bayern Munich,34,16,6,12,68,58,1.172,38,,1967/68,10,1.172,München
6,Eintracht Frankfurt,34,15,8,11,58,51,1.137,38,Qualification to Inter-Cities Fairs Cup first round,1967/68,7,1.137,Frankfurt
7,MSV Duisburg,34,13,10,11,69,58,1.19,36,,1967/68,11,1.19,Duisburg
8,VfB Stuttgart,34,14,7,13,65,54,1.204,35,,1967/68,11,1.204,Stuttgart
9,Eintracht Braunschweig,34,15,5,14,37,39,0.949,35,,1967/68,-2,0.949,Braunschweig
10,Hannover 96,34,12,10,12,48,52,0.923,34,Qualification to Inter-Cities Fairs Cup first round,1967/68,-4,0.923,Hannover
11,Alemannia Aachen,34,13,8,13,52,66,0.788,34,,1967/68,-14,0.788,Aachen
12,1860 Munich,34,11,11,12,55,39,1.41,33,Qualification to Inter-Cities Fairs Cup first round,1967/68,16,1.41,München
13,Hamburger SV,34,11,11,12,51,54,0.944,33,Qualification to Inter-Cities Fairs Cup first round,1967/68,-3,0.944,Hamburg
14,Borussia Dortmund,34,12,7,15,60,59,1.017,31,,1967/68,1,1.017,Dortmund
15,Schalke 04,34,11,8,15,42,48,0.875,30,,1967/68,-6,0.875,Gelsenkirchen
16,1. FC Kaiserslautern,34,8,12,14,39,67,0.582,28,,1967/68,-28,0.582,Kaiserslautern
17,Borussia Neunkirchen,34,7,5,22,33,93,0.355,19,Relegation to Regionalliga,1967/68,-60,0.355,Neunkirchen
18,Karlsruher SC,34,6,5,23,32,70,0.457,17,Relegation to Regionalliga,1967/68,-38,0.457,Karlsruhe
1,Bayern Munich,34,18,10,6,61,31,1.968,46,Qualification to European Cup first round,1968/69,30,1.968,München
2,Alemannia Aachen,34,16,6,12,57,51,1.118,38,,1968/69,6,1.118,Aachen
3,Borussia Mönchengladbach,34,13,11,10,61,46,1.326,37,,1968/69,15,1.326,Mönchengladbach
4,Eintracht Braunschweig,34,13,11,10,46,43,1.07,37,,1968/69,3,1.07,Braunschweig
5,VfB Stuttgart,34,14,8,12,60,54,1.111,36,Qualification to Inter-Cities Fairs Cup first round,1968/69,6,1.111,Stuttgart
6,Hamburger SV,34,13,10,11,55,55,1.0,36,Qualification to Inter-Cities Fairs Cup first round,1968/69,0,1.0,Hamburg
7,Schalke 04,34,14,7,13,45,40,1.125,35,Qualification to Cup Winners' Cup first round[a],1968/69,5,1.125,Gelsenkirchen
8,Eintracht Frankfurt,34,13,8,13,46,43,1.07,34,,1968/69,3,1.07,Frankfurt
9,Werder Bremen,34,14,6,14,59,59,1.0,34,,1968/69,0,1.0,Bremen
10,1860 Munich,34,15,4,15,44,59,0.746,34,Qualification to Inter-Cities Fairs Cup first round,1968/69,-15,0.746,München
11,Hannover 96,34,9,14,11,47,45,1.044,32,Qualification to Inter-Cities Fairs Cup first round,1968/69,2,1.044,Hannover
12,MSV Duisburg,34,8,16,10,33,37,0.892,32,,1968/69,-4,0.892,Duisburg
13,1. FC Köln,34,13,6,15,47,56,0.839,32,,1968/69,-9,0.839,Köln
14,Hertha BSC,34,12,8,14,31,39,0.795,32,Qualification to Inter-Cities Fairs Cup first round,1968/69,-8,0.795,Berlin
15,1. FC Kaiserslautern,34,12,6,16,45,47,0.957,30,,1968/69,-2,0.957,Kaiserslautern
16,Borussia Dortmund,34,11,8,15,49,54,0.907,30,,1968/69,-5,0.907,Dortmund
17,1. FC Nürnberg,34,9,11,14,45,55,0.818,29,Relegation to Regionalliga,1968/69,-10,0.818,Nürnberg
18,Kickers Offenbach,34,10,8,16,42,59,0.712,28,Relegation to Regionalliga,1968/69,-17,0.712,Offenbach am Main
1,Borussia Mönchengladbach,34,23,5,6,71,29,,51,Qualification to European Cup first round,1969/70,42,2.448,Mönchengladbach
2,Bayern Munich,34,21,5,8,88,37,,47,Qualification to Inter-Cities Fairs Cup first round,1969/70,51,2.378,München
3,Hertha BSC,34,20,5,9,67,41,,45,Qualification to Inter-Cities Fairs Cup first round,1969/70,26,1.634,Berlin
4,1. FC Köln,34,20,3,11,83,38,,43,Qualification to Inter-Cities Fairs Cup first round,1969/70,45,2.184,Köln
5,Borussia Dortmund,34,14,8,12,60,67,,36,,1969/70,-7,0.896,Dortmund
6,Hamburger SV,34,12,11,11,57,54,,35,Qualification to Inter-Cities Fairs Cup first round,1969/70,3,1.056,Hamburg
7,VfB Stuttgart,34,14,7,13,59,62,,35,,1969/70,-3,0.952,Stuttgart
8,Eintracht Frankfurt,34,12,10,12,54,54,,34,,1969/70,0,1.0,Frankfurt
9,Schalke 04,34,11,12,11,43,54,,34,,1969/70,-11,0.796,Gelsenkirchen
10,1. FC Kaiserslautern,34,10,12,12,44,55,,32,,1969/70,-11,0.8,Kaiserslautern
11,Werder Bremen,34,10,11,13,38,47,,31,,1969/70,-9,0.809,Bremen
12,Rot-Weiss Essen,34,8,15,11,41,54,,31,,1969/70,-13,0.759,Essen
13,Hannover 96,34,11,8,15,49,61,,30,,1969/70,-12,0.803,Hannover
14,Rot-Weiß Oberhausen,34,11,7,16,50,62,,29,,1969/70,-12,0.806,Oberhausen
15,MSV Duisburg,34,9,11,14,35,48,,29,,1969/70,-13,0.729,Duisburg
16,Eintracht Braunschweig,34,9,10,15,40,49,,28,,1969/70,-9,0.816,Braunschweig
17,1860 Munich,34,9,7,18,41,56,,25,Relegation to Regionalliga,1969/70,-15,0.732,München
18,Alemannia Aachen,34,5,7,22,31,83,,17,Relegation to Regionalliga,1969/70,-52,0.373,Aachen
1,Borussia Mönchengladbach,34,20,10,4,77,35,,50,Qualification to European Cup first round,1970/71,42,2.2,Mönchengladbach
2,Bayern Munich,34,19,10,5,74,36,,48,Qualification to Cup Winners' Cup first round,1970/71,38,2.056,München
3,Hertha BSC,34,16,9,9,61,43,,41,Qualification to UEFA Cup first round,1970/71,18,1.419,Berlin
4,Eintracht Braunschweig,34,16,7,11,52,40,,39,Qualification to UEFA Cup first round,1970/71,12,1.3,Braunschweig
5,Hamburger SV,34,13,11,10,54,63,,37,Qualification to UEFA Cup first round,1970/71,-9,0.857,Hamburg
6,Schalke 04,34,15,6,13,44,40,,36,,1970/71,4,1.1,Gelsenkirchen
7,MSV Duisburg,34,12,11,11,43,47,,35,,1970/71,-4,0.915,Duisburg
8,1. FC Kaiserslautern,34,15,4,15,54,57,,34,,1970/71,-3,0.947,Kaiserslautern
9,Hannover 96,34,12,9,13,53,49,,33,,1970/71,4,1.082,Hannover
10,Werder Bremen,34,11,11,12,41,40,,33,,1970/71,1,1.025,Bremen
11,1. FC Köln,34,11,11,12,46,56,,33,Qualification to UEFA Cup first round[a],1970/71,-10,0.821,Köln
12,VfB Stuttgart,34,11,8,15,49,49,,30,,1970/71,0,1.0,Stuttgart
13,Borussia Dortmund,34,10,9,15,54,60,,29,,1970/71,-6,0.9,Dortmund
14,Arminia Bielefeld,34,12,5,17,34,53,,29,,1970/71,-19,0.642,Bielefeld
15,Eintracht Frankfurt,34,11,6,17,39,56,,28,,1970/71,-17,0.696,Frankfurt
16,Rot-Weiß Oberhausen,34,9,9,16,54,69,,27,,1970/71,-15,0.783,Oberhausen
17,Kickers Offenbach,34,9,9,16,49,65,,27,Relegation to Regionalliga,1970/71,-16,0.754,Offenbach am Main
18,Rot-Weiss Essen,34,7,9,18,48,68,,23,Relegation to Regionalliga,1970/71,-20,0.706,Essen
1,Bayern Munich,34,24,7,3,101,38,,55,Qualification to European Cup first round,1971/72,63,2.658,München
2,Schalke 04,34,24,4,6,76,35,,52,Qualification to Cup Winners' Cup first round,1971/72,41,2.171,Gelsenkirchen
3,Borussia Mönchengladbach,34,18,7,9,82,40,,43,Qualification to UEFA Cup first round,1971/72,42,2.05,Mönchengladbach
4,1. FC Köln,34,15,13,6,64,44,,43,Qualification to UEFA Cup first round,1971/72,20,1.455,Köln
5,Eintracht Frankfurt,34,16,7,11,71,61,,39,Qualification to UEFA Cup first round,1971/72,10,1.164,Frankfurt
6,Hertha BSC,34,14,9,11,46,55,,37,,1971/72,-9,0.836,Berlin
7,1. FC Kaiserslautern,34,14,7,13,59,53,,35,Qualification to UEFA Cup first round[b],1971/72,6,1.113,Kaiserslautern
8,VfB Stuttgart,34,13,9,12,52,56,,35,,1971/72,-4,0.929,Stuttgart
9,VfL Bochum,34,14,6,14,59,69,,34,,1971/72,-10,0.855,Bochum
10,Hamburger SV,34,13,7,14,52,52,,33,,1971/72,0,1.0,Hamburg
11,Werder Bremen,34,11,9,14,63,58,,31,,1971/72,5,1.086,Bremen
12,Eintracht Braunschweig,34,8,15,11,43,48,,31,,1971/72,-5,0.896,Braunschweig
13,Fortuna Düsseldorf,34,10,10,14,40,53,,30,,1971/72,-13,0.755,Düsseldorf
14,MSV Duisburg,34,10,7,17,36,51,,27,,1971/72,-15,0.706,Duisburg
15,Rot-Weiß Oberhausen,34,7,11,16,33,66,,25,,1971/72,-33,0.5,Oberhausen
16,Hannover 96,34,10,3,21,54,69,,23,,1971/72,-15,0.783,Hannover
17,Borussia Dortmund,34,6,8,20,34,83,,20,Relegation to Regionalliga,1971/72,-49,0.41,Dortmund
18,Arminia Bielefeld,34,6,7,21,41,75,,19,Relegation to Regionalliga,1971/72,-34,0.547,Bielefeld
1,Bayern Munich,34,25,4,5,93,29,,54,Qualification to European Cup first round,1972/73,64,3.207,München
2,1. FC Köln,34,16,11,7,66,51,,43,Qualification to UEFA Cup first round,1972/73,15,1.294,Köln
3,Fortuna Düsseldorf,34,15,12,7,62,45,,42,Qualification to UEFA Cup first round,1972/73,17,1.378,Düsseldorf
4,Wuppertaler SV,34,15,10,9,62,49,,40,Qualification to UEFA Cup first round,1972/73,13,1.265,Wuppertal
5,Borussia Mönchengladbach,34,17,5,12,82,61,,39,Qualification to Cup Winners' Cup first round,1972/73,21,1.344,Mönchengladbach
6,VfB Stuttgart,34,17,3,14,71,65,,37,Qualification to UEFA Cup first round[b],1972/73,6,1.092,Stuttgart
7,Kickers Offenbach,34,14,7,13,61,60,,35,,1972/73,1,1.017,Offenbach am Main
8,Eintracht Frankfurt,34,15,4,15,58,54,,34,,1972/73,4,1.074,Frankfurt
9,1. FC Kaiserslautern,34,12,10,12,58,68,,34,,1972/73,-10,0.853,Kaiserslautern
10,MSV Duisburg,34,12,9,13,53,54,,33,,1972/73,-1,0.981,Duisburg
11,Werder Bremen,34,12,7,15,50,52,,31,,1972/73,-2,0.962,Bremen
12,VfL Bochum,34,11,9,14,50,68,,31,,1972/73,-18,0.735,Bochum
13,Hertha BSC,34,11,8,15,53,64,,30,,1972/73,-11,0.828,Berlin
14,Hamburger SV,34,10,8,16,53,59,,28,,1972/73,-6,0.898,Hamburg
15,Schalke 04,34,10,8,16,46,61,,28,,1972/73,-15,0.754,Gelsenkirchen
16,Hannover 96,34,9,8,17,49,65,,26,,1972/73,-16,0.754,Hannover
17,Eintracht Braunschweig,34,9,7,18,33,56,,25,Relegation to Regionalliga,1972/73,-23,0.589,Braunschweig
18,Rot-Weiß Oberhausen,34,9,4,21,45,84,,22,Relegation to Regionalliga,1972/73,-39,0.536,Oberhausen
1,Bayern Munich,34,20,9,5,95,53,,49,Qualification to European Cup first round,1973/74,42,1.792,München
2,Borussia Mönchengladbach,34,21,6,7,93,52,,48,Qualification to UEFA Cup first round,1973/74,41,1.788,Mönchengladbach
3,Fortuna Düsseldorf,34,16,9,9,61,47,,41,Qualification to UEFA Cup first round,1973/74,14,1.298,Düsseldorf
4,Eintracht Frankfurt,34,15,11,8,63,50,,41,Qualification to Cup Winners' Cup first round,1973/74,13,1.26,Frankfurt
5,1. FC Köln,34,16,7,11,69,56,,39,Qualification to UEFA Cup first round,1973/74,13,1.232,Köln
6,1. FC Kaiserslautern,34,15,8,11,80,69,,38,,1973/74,11,1.159,Kaiserslautern
7,Schalke 04,34,16,5,13,72,68,,37,,1973/74,4,1.059,Gelsenkirchen
8,Hertha BSC,34,11,11,12,56,60,,33,,1973/74,-4,0.933,Berlin
9,VfB Stuttgart,34,12,7,15,58,57,,31,,1973/74,1,1.018,Stuttgart
10,Kickers Offenbach,34,11,9,14,56,62,,31,,1973/74,-6,0.903,Offenbach am Main
11,Werder Bremen,34,9,13,12,48,56,,31,,1973/74,-8,0.857,Bremen
12,Hamburger SV,34,13,5,16,53,62,,31,Qualification to UEFA Cup first round[a],1973/74,-9,0.855,Hamburg
13,Rot-Weiss Essen,34,10,11,13,56,70,,31,,1973/74,-14,0.8,Essen
14,VfL Bochum,34,9,12,13,45,57,,30,,1973/74,-12,0.789,Bochum
15,MSV Duisburg,34,11,7,16,42,56,,29,,1973/74,-14,0.75,Duisburg
16,Wuppertaler SV,34,8,9,17,42,65,,25,,1973/74,-23,0.646,Wuppertal
17,Fortuna Köln,34,8,9,17,46,79,,25,Relegation to 2. Bundesliga,1973/74,-33,0.582,Köln
18,Hannover 96,34,6,10,18,50,66,,22,Relegation to 2. Bundesliga,1973/74,-16,0.758,Hannover
1,Borussia Mönchengladbach,34,21,8,5,86,40,,50,Qualification to European Cup first round,1974/75,46,2.15,Mönchengladbach
2,Hertha BSC,34,19,6,9,61,43,,44,Qualification to UEFA Cup first round,1974/75,18,1.419,Berlin
3,Eintracht Frankfurt,34,18,7,9,89,49,,43,Qualification to Cup Winners' Cup first round,1974/75,40,1.816,Frankfurt
4,Hamburger SV,34,18,7,9,55,38,,43,Qualification to UEFA Cup first round,1974/75,17,1.447,Hamburg
5,1. FC Köln,34,17,7,10,77,51,,41,Qualification to UEFA Cup first round,1974/75,26,1.51,Köln
6,Fortuna Düsseldorf,34,16,9,9,66,55,,41,,1974/75,11,1.2,Düsseldorf
7,Schalke 04,34,16,7,11,52,37,,39,,1974/75,15,1.405,Gelsenkirchen
8,Kickers Offenbach,34,17,4,13,72,62,,38,,1974/75,10,1.161,Offenbach am Main
9,Eintracht Braunschweig,34,14,8,12,52,42,,36,,1974/75,10,1.238,Braunschweig
10,Bayern Munich,34,14,6,14,57,63,,34,Qualification to European Cup first round[a],1974/75,-6,0.905,München
11,VfL Bochum,34,14,5,15,53,53,,33,,1974/75,0,1.0,Bochum
12,Rot-Weiss Essen,34,10,12,12,56,68,,32,,1974/75,-12,0.824,Essen
13,1. FC Kaiserslautern,34,13,5,16,56,55,,31,,1974/75,1,1.018,Kaiserslautern
14,MSV Duisburg,34,12,6,16,59,77,,30,Qualification to UEFA Cup first round[b],1974/75,-18,0.766,Duisburg
15,Werder Bremen,34,9,7,18,45,69,,25,,1974/75,-24,0.652,Bremen
16,VfB Stuttgart,34,8,8,18,50,79,,24,Relegation to 2. Bundesliga,1974/75,-29,0.633,Stuttgart
17,Tennis Borussia Berlin,34,5,6,23,38,89,,16,Relegation to 2. Bundesliga,1974/75,-51,0.427,Berlin
18,Wuppertaler SV,34,2,8,24,32,86,,12,Relegation to 2. Bundesliga,1974/75,-54,0.372,Wuppertal
1,Borussia Mönchengladbach,34,16,13,5,66,37,,45,Qualification to European Cup first round[b],1975/76,29,1.784,Mönchengladbach
2,Hamburger SV,34,17,7,10,59,32,,41,Qualification to Cup Winners' Cup first round,1975/76,27,1.844,Hamburg
3,Bayern Munich,34,15,10,9,72,50,,40,Qualification to European Cup first round[b],1975/76,22,1.44,München
4,1. FC Köln,34,14,11,9,62,45,,39,Qualification to UEFA Cup first round[a][b],1975/76,17,1.378,Köln
5,Eintracht Braunschweig,34,14,11,9,52,48,,39,Qualification to UEFA Cup first round[a][b],1975/76,4,1.083,Braunschweig
6,Schalke 04,34,13,11,10,76,55,,37,Qualification to UEFA Cup first round[a][b],1975/76,21,1.382,Gelsenkirchen
7,1. FC Kaiserslautern,34,15,7,12,66,60,,37,Qualification to UEFA Cup first round[a][b],1975/76,6,1.1,Kaiserslautern
8,Rot-Weiss Essen,34,13,11,10,61,67,,37,,1975/76,-6,0.91,Essen
9,Eintracht Frankfurt,34,13,10,11,79,58,,36,,1975/76,21,1.362,Frankfurt
10,MSV Duisburg,34,13,7,14,55,62,,33,,1975/76,-7,0.887,Duisburg
11,Hertha BSC,34,11,10,13,59,61,,32,,1975/76,-2,0.967,Berlin
12,Fortuna Düsseldorf,34,10,10,14,47,57,,30,,1975/76,-10,0.825,Düsseldorf
13,Werder Bremen,34,11,8,15,44,55,,30,,1975/76,-11,0.8,Bremen
14,VfL Bochum,34,12,6,16,49,62,,30,,1975/76,-13,0.79,Bochum
15,Karlsruher SC,34,12,6,16,46,59,,30,,1975/76,-13,0.78,Karlsruhe
16,Hannover 96,34,9,9,16,48,60,,27,Relegation to 2. Bundesliga,1975/76,-12,0.8,Hannover
17,Kickers Offenbach,34,9,9,16,40,72,,27,Relegation to 2. Bundesliga,1975/76,-32,0.556,Offenbach am Main
18,KFC Uerdingen,34,6,10,18,28,69,,22,Relegation to 2. Bundesliga,1975/76,-41,0.406,Krefeld
1,Borussia Mönchengladbach,34,17,10,7,58,34,,44,Qualification to European Cup first round,1976/77,24,1.706,Mönchengladbach
2,Schalke 04,34,17,9,8,77,52,,43,Qualification to UEFA Cup first round[a],1976/77,25,1.481,Gelsenkirchen
3,Eintracht Braunschweig,34,15,13,6,56,38,,43,Qualification to UEFA Cup first round[a],1976/77,18,1.474,Braunschweig
4,Eintracht Frankfurt,34,17,8,9,86,57,,42,Qualification to UEFA Cup first round[a],1976/77,29,1.509,Frankfurt
5,1. FC Köln,34,17,6,11,83,61,,40,Qualification to Cup Winners' Cup first round[b],1976/77,22,1.361,Köln
6,Hamburger SV,34,14,10,10,67,56,,38,Qualification to Cup Winners' Cup first round[b],1976/77,11,1.196,Hamburg
7,Bayern Munich,34,14,9,11,74,65,,37,Qualification to UEFA Cup first round[a],1976/77,9,1.138,München
8,Borussia Dortmund,34,12,10,12,73,64,,34,,1976/77,9,1.141,Dortmund
9,MSV Duisburg,34,11,12,11,60,51,,34,,1976/77,9,1.176,Duisburg
10,Hertha BSC,34,13,8,13,55,54,,34,,1976/77,1,1.019,Berlin
11,Werder Bremen,34,13,7,14,51,59,,33,,1976/77,-8,0.864,Bremen
12,Fortuna Düsseldorf,34,11,9,14,52,54,,31,,1976/77,-2,0.963,Düsseldorf
13,1. FC Kaiserslautern,34,12,5,17,53,59,,29,,1976/77,-6,0.898,Kaiserslautern
14,1. FC Saarbrücken,34,9,11,14,43,55,,29,,1976/77,-12,0.782,Saarbrücken
15,VfL Bochum,34,11,7,16,47,62,,29,,1976/77,-15,0.758,Bochum
16,Karlsruher SC,34,9,10,15,53,75,,28,Relegation to 2. Bundesliga,1976/77,-22,0.707,Karlsruhe
17,Tennis Borussia Berlin,34,6,10,18,47,85,,22,Relegation to 2. Bundesliga,1976/77,-38,0.553,Berlin
18,Rot-Weiss Essen,34,7,8,19,49,103,,22,Relegation to 2. Bundesliga,1976/77,-54,0.476,Essen
1,1. FC Köln,34,22,4,8,86,41,,48,Qualification to European Cup first round,1977/78,45,2.098,Köln
2,Borussia Mönchengladbach,34,20,8,6,86,44,,48,Qualification to UEFA Cup first round[a],1977/78,42,1.955,Mönchengladbach
3,Hertha BSC,34,15,10,9,59,48,,40,Qualification to UEFA Cup first round[a],1977/78,11,1.229,Berlin
4,VfB Stuttgart,34,17,5,12,58,40,,39,Qualification to UEFA Cup first round[a],1977/78,18,1.45,Stuttgart
5,Fortuna Düsseldorf,34,15,9,10,49,36,,39,Qualification to Cup Winners' Cup first round[a],1977/78,13,1.361,Düsseldorf
6,MSV Duisburg,34,15,7,12,62,59,,37,Qualification to UEFA Cup first round[a],1977/78,3,1.051,Duisburg
7,Eintracht Frankfurt,34,16,4,14,59,52,,36,,1977/78,7,1.135,Frankfurt
8,1. FC Kaiserslautern,34,16,4,14,64,63,,36,,1977/78,1,1.016,Kaiserslautern
9,Schalke 04,34,14,6,14,47,52,,34,,1977/78,-5,0.904,Gelsenkirchen
10,Hamburger SV,34,14,6,14,61,67,,34,,1977/78,-6,0.91,Hamburg
11,Borussia Dortmund,34,14,5,15,57,71,,33,,1977/78,-14,0.803,Dortmund
12,Bayern Munich,34,11,10,13,62,64,,32,,1977/78,-2,0.969,München
13,Eintracht Braunschweig,34,14,4,16,43,53,,32,,1977/78,-10,0.811,Braunschweig
14,VfL Bochum,34,11,9,14,49,51,,31,,1977/78,-2,0.961,Bochum
15,Werder Bremen,34,13,5,16,48,57,,31,,1977/78,-9,0.842,Bremen
16,1860 Munich,34,7,8,19,41,60,,22,Relegation to 2. Bundesliga,1977/78,-19,0.683,München
17,1. FC Saarbrücken,34,6,10,18,39,70,,22,Relegation to 2. Bundesliga,1977/78,-31,0.557,Saarbrücken
18,FC St. Pauli,34,6,6,22,44,86,,18,Relegation to 2. Bundesliga,1977/78,-42,0.512,Hamburg
1,Hamburger SV,34,21,7,6,78,32,,49,Qualification to European Cup first round,1978/79,46,2.438,Hamburg
2,VfB Stuttgart,34,20,8,6,73,34,,48,Qualification to UEFA Cup first round[a],1978/79,39,2.147,Stuttgart
3,1. FC Kaiserslautern,34,16,11,7,62,47,,43,Qualification to UEFA Cup first round[a],1978/79,15,1.319,Kaiserslautern
4,Bayern Munich,34,16,8,10,69,46,,40,Qualification to UEFA Cup first round[a],1978/79,23,1.5,München
5,Eintracht Frankfurt,34,16,7,11,50,49,,39,Qualification to UEFA Cup first round[a],1978/79,1,1.02,Frankfurt
6,1. FC Köln,34,13,12,9,55,47,,38,,1978/79,8,1.17,Köln
7,Fortuna Düsseldorf,34,13,11,10,70,59,,37,Qualification to Cup Winners' Cup first round,1978/79,11,1.186,Düsseldorf
8,VfL Bochum,34,10,13,11,47,46,,33,,1978/79,1,1.022,Bochum
9,Eintracht Braunschweig,34,10,13,11,50,55,,33,,1978/79,-5,0.909,Braunschweig
10,Borussia Mönchengladbach,34,12,8,14,50,53,,32,Qualification to UEFA Cup first round[a],1978/79,-3,0.943,Mönchengladbach
11,Werder Bremen,34,10,11,13,48,60,,31,,1978/79,-12,0.8,Bremen
12,Borussia Dortmund,34,10,11,13,54,70,,31,,1978/79,-16,0.771,Dortmund
13,MSV Duisburg,34,12,6,16,43,56,,30,,1978/79,-13,0.768,Duisburg
14,Hertha BSC,34,9,11,14,40,50,,29,,1978/79,-10,0.8,Berlin
15,Schalke 04,34,9,10,15,55,61,,28,,1978/79,-6,0.902,Gelsenkirchen
16,Arminia Bielefeld,34,9,8,17,43,56,,26,Relegation to 2. Bundesliga,1978/79,-13,0.768,Bielefeld
17,1. FC Nürnberg,34,8,8,18,36,67,,24,Relegation to 2. Bundesliga,1978/79,-31,0.537,Nürnberg
18,SV Darmstadt 98,34,7,7,20,40,75,,21,Relegation to 2. Bundesliga,1978/79,-35,0.533,Darmstadt
1,Bayern Munich,34,22,6,6,84,33,,50,Qualification to European Cup first round,1979/80,51,2.545,München
2,Hamburger SV,34,20,8,6,86,35,,48,Qualification to UEFA Cup first round[a],1979/80,51,2.457,Hamburg
3,VfB Stuttgart,34,18,5,11,75,53,,41,Qualification to UEFA Cup first round[a],1979/80,22,1.415,Stuttgart
4,1. FC Kaiserslautern,34,17,7,10,75,53,,41,Qualification to UEFA Cup first round[a],1979/80,22,1.415,Kaiserslautern
5,1. FC Köln,34,14,9,11,72,55,,37,Qualification to UEFA Cup first round[a],1979/80,17,1.309,Köln
6,Borussia Dortmund,34,14,8,12,64,56,,36,,1979/80,8,1.143,Dortmund
7,Borussia Mönchengladbach,34,12,12,10,61,60,,36,,1979/80,1,1.017,Mönchengladbach
8,Schalke 04,34,12,9,13,40,51,,33,,1979/80,-11,0.784,Gelsenkirchen
9,Eintracht Frankfurt,34,15,2,17,65,61,,32,Qualification to UEFA Cup first round[a],1979/80,4,1.066,Frankfurt
10,VfL Bochum,34,13,6,15,41,44,,32,,1979/80,-3,0.932,Bochum
11,Fortuna Düsseldorf,34,13,6,15,62,72,,32,Qualification to Cup Winners' Cup first round,1979/80,-10,0.861,Düsseldorf
12,Bayer Leverkusen,34,12,8,14,45,61,,32,,1979/80,-16,0.738,Leverkusen
13,1860 Munich,34,10,10,14,42,53,,30,,1979/80,-11,0.792,München
14,MSV Duisburg,34,11,7,16,43,57,,29,,1979/80,-14,0.754,Duisburg
15,KFC Uerdingen,34,12,5,17,43,61,,29,,1979/80,-18,0.705,Krefeld
16,Hertha BSC,34,11,7,16,41,61,,29,Relegation to 2. Bundesliga,1979/80,-20,0.672,Berlin
17,Werder Bremen,34,11,3,20,52,93,,25,Relegation to 2. Bundesliga,1979/80,-41,0.559,Bremen
18,Eintracht Braunschweig,34,6,8,20,32,64,,20,Relegation to 2. Bundesliga,1979/80,-32,0.5,Braunschweig
1,Bayern Munich,34,22,9,3,89,41,,53,Qualification to European Cup first round,1980/81,48,2.171,München
2,Hamburger SV,34,21,7,6,73,43,,49,Qualification to UEFA Cup first round[a],1980/81,30,1.698,Hamburg
3,VfB Stuttgart,34,19,8,7,70,44,,46,Qualification to UEFA Cup first round[a],1980/81,26,1.591,Stuttgart
4,1. FC Kaiserslautern,34,17,10,7,60,37,,44,Qualification to UEFA Cup first round[a],1980/81,23,1.622,Kaiserslautern
5,Eintracht Frankfurt,34,13,12,9,61,57,,38,Qualification to Cup Winners' Cup first round,1980/81,4,1.07,Frankfurt
6,Borussia Mönchengladbach,34,15,7,12,68,64,,37,Qualification to UEFA Cup first round[a],1980/81,4,1.062,Mönchengladbach
7,Borussia Dortmund,34,13,9,12,69,59,,35,,1980/81,10,1.169,Dortmund
8,1. FC Köln,34,12,10,12,54,55,,34,,1980/81,-1,0.982,Köln
9,VfL Bochum,34,9,15,10,53,45,,33,,1980/81,8,1.178,Bochum
10,Karlsruher SC,34,9,14,11,56,63,,32,,1980/81,-7,0.889,Karlsruhe
11,Bayer Leverkusen,34,10,10,14,52,53,,30,,1980/81,-1,0.981,Leverkusen
12,MSV Duisburg,34,10,9,15,45,58,,29,,1980/81,-13,0.776,Duisburg
13,Fortuna Düsseldorf,34,10,8,16,57,64,,28,,1980/81,-7,0.891,Düsseldorf
14,1. FC Nürnberg,34,11,6,17,47,57,,28,,1980/81,-10,0.825,Nürnberg
15,Arminia Bielefeld,34,10,6,18,46,65,,26,,1980/81,-19,0.708,Bielefeld
16,1860 Munich,34,9,7,18,49,67,,25,Relegation to 2. Bundesliga,1980/81,-18,0.731,München
17,Schalke 04,34,8,7,19,43,88,,23,Relegation to 2. Bundesliga,1980/81,-45,0.489,Gelsenkirchen
18,KFC Uerdingen,34,8,6,20,47,79,,22,Relegation to 2. Bundesliga,1980/81,-32,0.595,Krefeld
1,Hamburger SV,34,18,12,4,95,45,,48,Qualification to European Cup first round,1981/82,50,2.111,Hamburg
2,1. FC Köln,34,18,9,7,72,38,,45,Qualification to UEFA Cup first round[a],1981/82,34,1.895,Köln
3,Bayern Munich,34,20,3,11,77,56,,43,Qualification to Cup Winners' Cup first round,1981/82,21,1.375,München
4,1. FC Kaiserslautern,34,16,10,8,70,61,,42,Qualification to UEFA Cup first round[a],1981/82,9,1.148,Kaiserslautern
5,Werder Bremen,34,17,8,9,61,52,,42,Qualification to UEFA Cup first round[a],1981/82,9,1.173,Bremen
6,Borussia Dortmund,34,18,5,11,59,40,,41,Qualification to UEFA Cup first round[a],1981/82,19,1.475,Dortmund
7,Borussia Mönchengladbach,34,15,10,9,61,51,,40,,1981/82,10,1.196,Mönchengladbach
8,Eintracht Frankfurt,34,17,3,14,83,72,,37,,1981/82,11,1.153,Frankfurt
9,VfB Stuttgart,34,13,9,12,62,55,,35,,1981/82,7,1.127,Stuttgart
10,VfL Bochum,34,12,8,14,52,51,,32,,1981/82,1,1.02,Bochum
11,Eintracht Braunschweig,34,14,4,16,61,66,,32,,1981/82,-5,0.924,Braunschweig
12,Arminia Bielefeld,34,12,6,16,46,50,,30,,1981/82,-4,0.92,Bielefeld
13,1. FC Nürnberg,34,11,6,17,53,72,,28,,1981/82,-19,0.736,Nürnberg
14,Karlsruher SC,34,9,9,16,50,68,,27,,1981/82,-18,0.735,Karlsruhe
15,Fortuna Düsseldorf,34,6,13,15,48,73,,25,,1981/82,-25,0.658,Düsseldorf
16,Bayer Leverkusen,34,9,7,18,45,72,,25,Qualification for relegation play-offs,1981/82,-27,0.625,Leverkusen
17,Darmstadt 98,34,5,11,18,46,82,,21,Relegation to 2. Bundesliga,1981/82,-36,0.561,Darmstadt
18,MSV Duisburg,34,8,3,23,40,77,,19,Relegation to 2. Bundesliga,1981/82,-37,0.519,Duisburg
1,Hamburger SV,34,20,12,2,79,33,,52,Qualification to European Cup first round,1982/83,46,2.394,Hamburg
2,Werder Bremen,34,23,6,5,76,38,,52,Qualification to UEFA Cup first round[a],1982/83,38,2.0,Bremen
3,VfB Stuttgart,34,20,8,6,80,47,,48,Qualification to UEFA Cup first round[a],1982/83,33,1.702,Stuttgart
4,Bayern Munich,34,17,10,7,74,33,,44,Qualification to UEFA Cup first round[a],1982/83,41,2.242,München
5,1. FC Köln,34,17,9,8,69,42,,43,Qualification to Cup Winners' Cup first round,1982/83,27,1.643,Köln
6,1. FC Kaiserslautern,34,14,13,7,57,44,,41,Qualification to UEFA Cup first round[a],1982/83,13,1.295,Kaiserslautern
7,Borussia Dortmund,34,16,7,11,78,62,,39,,1982/83,16,1.258,Dortmund
8,Arminia Bielefeld,34,12,7,15,46,71,,31,,1982/83,-25,0.648,Bielefeld
9,Fortuna Düsseldorf,34,11,8,15,63,75,,30,,1982/83,-12,0.84,Düsseldorf
10,Eintracht Frankfurt,34,12,5,17,48,57,,29,,1982/83,-9,0.842,Frankfurt
11,Bayer Leverkusen,34,10,9,15,43,66,,29,,1982/83,-23,0.652,Leverkusen
12,Borussia Mönchengladbach,34,12,4,18,64,63,,28,,1982/83,1,1.016,Mönchengladbach
13,VfL Bochum,34,8,12,14,43,49,,28,,1982/83,-6,0.878,Bochum
14,1. FC Nürnberg,34,11,6,17,44,70,,28,,1982/83,-26,0.629,Nürnberg
15,Eintracht Braunschweig,34,8,11,15,42,65,,27,,1982/83,-23,0.646,Braunschweig
16,Schalke 04,34,8,6,20,48,68,,22,Qualification to relegation play-offs,1982/83,-20,0.706,Gelsenkirchen
17,Karlsruher SC,34,7,7,20,39,86,,21,Relegation to 2. Bundesliga,1982/83,-47,0.453,Karlsruhe
18,Hertha BSC,34,5,10,19,43,67,,20,Relegation to 2. Bundesliga,1982/83,-24,0.642,Berlin
1,VfB Stuttgart,34,19,10,5,79,33,,48,Qualification to European Cup first round,1983/84,46,2.394,Stuttgart
2,Hamburger SV,34,21,6,7,75,36,,48,Qualification to UEFA Cup first round[a],1983/84,39,2.083,Hamburg
3,Borussia Mönchengladbach,34,21,6,7,81,48,,48,Qualification to UEFA Cup first round[a],1983/84,33,1.688,Mönchengladbach
4,Bayern Munich,34,20,7,7,84,41,,47,Qualification to Cup Winners' Cup first round,1983/84,43,2.049,München
5,Werder Bremen,34,19,7,8,79,46,,45,Qualification to UEFA Cup first round[a],1983/84,33,1.717,Bremen
6,1. FC Köln,34,16,6,12,70,57,,38,Qualification to UEFA Cup first round[a],1983/84,13,1.228,Köln
7,Bayer Leverkusen,34,13,8,13,50,50,,34,,1983/84,0,1.0,Leverkusen
8,Arminia Bielefeld,34,12,9,13,40,49,,33,,1983/84,-9,0.816,Bielefeld
9,Eintracht Braunschweig,34,13,6,15,54,69,,32,,1983/84,-15,0.783,Braunschweig
10,KFC Uerdingen,34,12,7,15,66,79,,31,,1983/84,-13,0.835,Krefeld
11,Waldhof Mannheim,34,10,11,13,45,58,,31,,1983/84,-13,0.776,Mannheim
12,1. FC Kaiserslautern,34,12,6,16,68,69,,30,,1983/84,-1,0.986,Kaiserslautern
13,Borussia Dortmund,34,11,8,15,54,65,,30,,1983/84,-11,0.831,Dortmund
14,Fortuna Düsseldorf,34,11,7,16,63,75,,29,,1983/84,-12,0.84,Düsseldorf
15,VfL Bochum,34,10,8,16,58,70,,28,,1983/84,-12,0.829,Bochum
16,Eintracht Frankfurt,34,7,13,14,45,61,,27,Qualification to relegation play-offs,1983/84,-16,0.738,Frankfurt
17,Kickers Offenbach,34,7,5,22,48,106,,19,Relegation to 2. Bundesliga,1983/84,-58,0.453,Offenbach am Main
18,1. FC Nürnberg,34,6,2,26,38,85,,14,Relegation to 2. Bundesliga,1983/84,-47,0.447,Nürnberg
1,Bayern Munich,34,21,8,5,79,38,,50,Qualification to European Cup first round,1984/85,41,2.079,München
2,Werder Bremen,34,18,10,6,87,51,,46,Qualification to UEFA Cup first round,1984/85,36,1.706,Bremen
3,1. FC Köln,34,18,4,12,69,66,,40,Qualification to UEFA Cup first round,1984/85,3,1.045,Köln
4,Borussia Mönchengladbach,34,15,9,10,77,53,,39,Qualification to UEFA Cup first round,1984/85,24,1.453,Mönchengladbach
5,Hamburger SV,34,14,9,11,58,49,,37,Qualification to UEFA Cup first round,1984/85,9,1.184,Hamburg
6,Waldhof Mannheim,34,13,11,10,47,50,,37,,1984/85,-3,0.94,Mannheim
7,KFC Uerdingen,34,14,8,12,57,52,,36,Qualification to Cup Winners' Cup first round,1984/85,5,1.096,Krefeld
8,Schalke 04,34,13,8,13,63,62,,34,,1984/85,1,1.016,Gelsenkirchen
9,VfL Bochum,34,12,10,12,52,54,,34,,1984/85,-2,0.963,Bochum
10,VfB Stuttgart,34,14,5,15,79,59,,33,,1984/85,20,1.339,Stuttgart
11,1. FC Kaiserslautern,34,11,11,12,56,60,,33,,1984/85,-4,0.933,Kaiserslautern
12,Eintracht Frankfurt,34,10,12,12,62,67,,32,,1984/85,-5,0.925,Frankfurt
13,Bayer Leverkusen,34,9,13,12,52,54,,31,,1984/85,-2,0.963,Leverkusen
14,Borussia Dortmund,34,13,4,17,51,65,,30,,1984/85,-14,0.785,Dortmund
15,Fortuna Düsseldorf,34,10,9,15,53,66,,29,,1984/85,-13,0.803,Düsseldorf
16,Arminia Bielefeld,34,8,13,13,46,61,,29,Qualification to relegation play-offs,1984/85,-15,0.754,Bielefeld
17,Karlsruher SC,34,5,12,17,47,88,,22,Relegation to 2. Bundesliga,1984/85,-41,0.534,Karlsruhe
18,Eintracht Braunschweig,34,9,2,23,39,79,,20,Relegation to 2. Bundesliga,1984/85,-40,0.494,Braunschweig
1,Bayern Munich,34,21,7,6,82,31,,49,Qualification to European Cup first round,1985/86,51,2.645,München
2,Werder Bremen,34,20,9,5,83,41,,49,Qualification to UEFA Cup first round,1985/86,42,2.024,Bremen
3,KFC Uerdingen,34,19,7,8,63,60,,45,Qualification to UEFA Cup first round,1985/86,3,1.05,Krefeld
4,Borussia Mönchengladbach,34,15,12,7,65,51,,42,Qualification to UEFA Cup first round,1985/86,14,1.275,Mönchengladbach
5,VfB Stuttgart,34,17,7,10,69,45,,41,Qualification to Cup Winners' Cup first round[a],1985/86,24,1.533,Stuttgart
6,Bayer Leverkusen,34,15,10,9,63,51,,40,Qualification to UEFA Cup first round[a],1985/86,12,1.235,Leverkusen
7,Hamburger SV,34,17,5,12,52,35,,39,,1985/86,17,1.486,Hamburg
8,Waldhof Mannheim,34,11,11,12,41,44,,33,,1985/86,-3,0.932,Mannheim
9,VfL Bochum,34,14,4,16,55,57,,32,,1985/86,-2,0.965,Bochum
10,Schalke 04,34,11,8,15,53,58,,30,,1985/86,-5,0.914,Gelsenkirchen
11,1. FC Kaiserslautern,34,10,10,14,49,54,,30,,1985/86,-5,0.907,Kaiserslautern
12,1. FC Nürnberg,34,12,5,17,51,54,,29,,1985/86,-3,0.944,Nürnberg
13,1. FC Köln,34,9,11,14,46,59,,29,,1985/86,-13,0.78,Köln
14,Fortuna Düsseldorf,34,11,7,16,54,78,,29,,1985/86,-24,0.692,Düsseldorf
15,Eintracht Frankfurt,34,7,14,13,35,49,,28,,1985/86,-14,0.714,Frankfurt
16,Borussia Dortmund,34,10,8,16,49,65,,28,Qualification to relegation play-offs,1985/86,-16,0.754,Dortmund
17,1. FC Saarbrücken,34,6,9,19,39,68,,21,Relegation to 2. Bundesliga,1985/86,-29,0.574,Saarbrücken
18,Hannover 96,34,5,8,21,43,92,,18,Relegation to 2. Bundesliga,1985/86,-49,0.467,Hannover
1,Bayern Munich,34,20,13,1,67,31,,53,Qualification to European Cup first round,1986/87,36,2.161,München
2,Hamburger SV,34,19,9,6,69,37,,47,Qualification to Cup Winners' Cup first round,1986/87,32,1.865,Hamburg
3,Borussia Mönchengladbach,34,18,7,9,74,44,,43,Qualification to UEFA Cup first round[a],1986/87,30,1.682,Mönchengladbach
4,Borussia Dortmund,34,15,10,9,70,50,,40,Qualification to UEFA Cup first round[a],1986/87,20,1.4,Dortmund
5,Werder Bremen,34,17,6,11,65,54,,40,Qualification to UEFA Cup first round[a],1986/87,11,1.204,Bremen
6,Bayer Leverkusen,34,16,7,11,56,38,,39,Qualification to UEFA Cup first round[a],1986/87,18,1.474,Leverkusen
7,1. FC Kaiserslautern,34,15,7,12,64,51,,37,,1986/87,13,1.255,Kaiserslautern
8,KFC Uerdingen,34,12,11,11,51,49,,35,,1986/87,2,1.041,Krefeld
9,1. FC Nürnberg,34,12,11,11,62,62,,35,,1986/87,0,1.0,Nürnberg
10,1. FC Köln,34,13,9,12,50,53,,35,,1986/87,-3,0.943,Köln
11,VfL Bochum,34,9,14,11,52,44,,32,,1986/87,8,1.182,Bochum
12,VfB Stuttgart,34,13,6,15,55,49,,32,,1986/87,6,1.122,Stuttgart
13,Schalke 04,34,12,8,14,50,58,,32,,1986/87,-8,0.862,Gelsenkirchen
14,Waldhof Mannheim,34,10,8,16,52,71,,28,,1986/87,-19,0.732,Mannheim
15,Eintracht Frankfurt,34,8,9,17,42,53,,25,,1986/87,-11,0.792,Frankfurt
16,FC 08 Homburg,34,6,9,19,33,79,,21,Qualification to relegation play-offs,1986/87,-46,0.418,Homburg
17,Fortuna Düsseldorf,34,7,6,21,42,91,,20,Relegation to 2. Bundesliga,1986/87,-49,0.462,Düsseldorf
18,Blau-Weiß 90 Berlin,34,3,12,19,36,76,,18,Relegation to 2. Bundesliga,1986/87,-40,0.474,Berlin
1,Werder Bremen,34,22,8,4,61,22,,52,Qualification to European Cup first round,1987/88,39,2.773,Bremen
2,Bayern Munich,34,22,4,8,83,45,,48,Qualification to UEFA Cup first round[a],1987/88,38,1.844,München
3,1. FC Köln,34,18,12,4,57,28,,48,Qualification to UEFA Cup first round[a],1987/88,29,2.036,Köln
4,VfB Stuttgart,34,16,8,10,69,49,,40,Qualification to UEFA Cup first round[a],1987/88,20,1.408,Stuttgart
5,1. FC Nürnberg,34,13,11,10,44,40,,37,Qualification to UEFA Cup first round[a],1987/88,4,1.1,Nürnberg
6,Hamburger SV,34,13,11,10,63,68,,37,,1987/88,-5,0.926,Hamburg
7,Borussia Mönchengladbach,34,14,5,15,55,53,,33,,1987/88,2,1.038,Mönchengladbach
8,Bayer Leverkusen,34,10,12,12,53,60,,32,Qualification to UEFA Cup first round[a],1987/88,-7,0.883,Leverkusen
9,Eintracht Frankfurt,34,10,11,13,51,50,,31,Qualification to Cup Winners' Cup first round,1987/88,1,1.02,Frankfurt
10,Hannover 96,34,12,7,15,59,60,,31,,1987/88,-1,0.983,Hannover
11,KFC Uerdingen,34,11,9,14,59,61,,31,,1987/88,-2,0.967,Krefeld
12,VfL Bochum,34,10,10,14,47,51,,30,,1987/88,-4,0.922,Bochum
13,Borussia Dortmund,34,9,11,14,51,54,,29,,1987/88,-3,0.944,Dortmund
14,1. FC Kaiserslautern,34,11,7,16,53,62,,29,,1987/88,-9,0.855,Kaiserslautern
15,Karlsruher SC,34,9,11,14,37,55,,29,,1987/88,-18,0.673,Karlsruhe
16,Waldhof Mannheim,34,7,14,13,35,50,,28,Qualification to relegation play-offs,1987/88,-15,0.7,Mannheim
17,FC 08 Homburg,34,7,10,17,37,70,,24,Relegation to 2. Bundesliga,1987/88,-33,0.529,Homburg
18,Schalke 04,34,8,7,19,48,84,,23,Relegation to 2. Bundesliga,1987/88,-36,0.571,Gelsenkirchen
1,Bayern Munich,34,19,12,3,67,26,,50,Qualification to European Cup first round,1988/89,41,2.577,München
2,1. FC Köln,34,18,9,7,58,30,,45,Qualification to UEFA Cup first round,1988/89,28,1.933,Köln
3,Werder Bremen,34,18,8,8,55,32,,44,Qualification to UEFA Cup first round,1988/89,23,1.719,Bremen
4,Hamburger SV,34,17,9,8,60,36,,43,Qualification to UEFA Cup first round,1988/89,24,1.667,Hamburg
5,VfB Stuttgart,34,16,7,11,58,49,,39,Qualification to UEFA Cup first round,1988/89,9,1.184,Stuttgart
6,Borussia Mönchengladbach,34,12,14,8,44,43,,38,,1988/89,1,1.023,Mönchengladbach
7,Borussia Dortmund,34,12,13,9,56,40,,37,Qualification to Cup Winners' Cup first round,1988/89,16,1.4,Dortmund
8,Bayer Leverkusen,34,10,14,10,45,44,,34,,1988/89,1,1.023,Leverkusen
9,1. FC Kaiserslautern,34,10,13,11,47,44,,33,,1988/89,3,1.068,Kaiserslautern
10,FC St. Pauli,34,9,14,11,41,42,,32,,1988/89,-1,0.976,Hamburg
11,Karlsruher SC,34,12,8,14,48,51,,32,,1988/89,-3,0.941,Karlsruhe
12,Waldhof Mannheim,34,10,11,13,43,52,,31,,1988/89,-9,0.827,Mannheim
13,KFC Uerdingen,34,10,11,13,50,60,,31,,1988/89,-10,0.833,Krefeld
14,1. FC Nürnberg,34,8,10,16,36,54,,26,,1988/89,-18,0.667,Nürnberg
15,VfL Bochum,34,9,8,17,37,57,,26,,1988/89,-20,0.649,Bochum
16,Eintracht Frankfurt,34,8,10,16,30,53,,26,Qualification to relegation play-offs,1988/89,-23,0.566,Frankfurt
17,Stuttgarter Kickers,34,10,6,18,41,68,,26,Relegation to 2. Bundesliga,1988/89,-27,0.603,Stuttgart
18,Hannover 96,34,4,11,19,36,71,,19,Relegation to 2. Bundesliga,1988/89,-35,0.507,Hannover
1,Bayern Munich,34,19,11,4,64,28,,49,Qualification to European Cup first round,1989/90,36,2.286,München
2,1. FC Köln,34,17,9,8,54,44,,43,Qualification to UEFA Cup first round,1989/90,10,1.227,Köln
3,Eintracht Frankfurt,34,15,11,8,61,40,,41,Qualification to UEFA Cup first round,1989/90,21,1.525,Frankfurt
4,Borussia Dortmund,34,15,11,8,51,35,,41,Qualification to UEFA Cup first round,1989/90,16,1.457,Dortmund
5,Bayer Leverkusen,34,12,15,7,40,32,,39,Qualification to UEFA Cup first round,1989/90,8,1.25,Leverkusen
6,VfB Stuttgart,34,15,6,13,53,47,,36,,1989/90,6,1.128,Stuttgart
7,Werder Bremen,34,10,14,10,49,41,,34,,1989/90,8,1.195,Bremen
8,1. FC Nürnberg,34,11,11,12,42,46,,33,,1989/90,-4,0.913,Nürnberg
9,Fortuna Düsseldorf,34,10,12,12,41,41,,32,,1989/90,0,1.0,Düsseldorf
10,Karlsruher SC,34,10,12,12,32,39,,32,,1989/90,-7,0.821,Karlsruhe
11,Hamburger SV,34,13,5,16,39,46,,31,,1989/90,-7,0.848,Hamburg
12,1. FC Kaiserslautern,34,10,11,13,42,55,,31,Qualification to Cup Winners' Cup first round,1989/90,-13,0.764,Kaiserslautern
13,FC St. Pauli,34,9,13,12,31,46,,31,,1989/90,-15,0.674,Hamburg
14,KFC Uerdingen,34,10,10,14,41,48,,30,,1989/90,-7,0.854,Krefeld
15,Borussia Mönchengladbach,34,11,8,15,37,45,,30,,1989/90,-8,0.822,Mönchengladbach
16,VfL Bochum,34,11,7,16,44,53,,29,Qualification to relegation play-offs,1989/90,-9,0.83,Bochum
17,Waldhof Mannheim,34,10,6,18,36,53,,26,Relegation to 2. Bundesliga,1989/90,-17,0.679,Mannheim
18,FC 08 Homburg,34,8,8,18,33,51,,24,Relegation to 2. Bundesliga,1989/90,-18,0.647,Homburg
1,1. FC Kaiserslautern,34,19,10,5,72,45,,48,Qualification to European Cup first round,1990/91,27,1.6,Kaiserslautern
2,Bayern Munich,34,18,9,7,74,41,,45,Qualification to UEFA Cup first round[a],1990/91,33,1.805,München
3,Werder Bremen,34,14,14,6,46,29,,42,Qualification to Cup Winners' Cup first round,1990/91,17,1.586,Bremen
4,Eintracht Frankfurt,34,15,10,9,63,40,,40,Qualification to UEFA Cup first round[a],1990/91,23,1.575,Frankfurt
5,Hamburger SV,34,16,8,10,60,38,,40,Qualification to UEFA Cup first round[a],1990/91,22,1.579,Hamburg
6,VfB Stuttgart,34,14,10,10,57,44,,38,Qualification to UEFA Cup first round[a],1990/91,13,1.295,Stuttgart
7,1. FC Köln,34,13,11,10,50,43,,37,,1990/91,7,1.163,Köln
8,Bayer Leverkusen,34,11,13,10,47,46,,35,,1990/91,1,1.022,Leverkusen
9,Borussia Mönchengladbach,34,9,17,8,49,54,,35,,1990/91,-5,0.907,Mönchengladbach
10,Borussia Dortmund,34,10,14,10,46,57,,34,,1990/91,-11,0.807,Dortmund
11,SG Wattenscheid 09,34,9,15,10,42,51,,33,,1990/91,-9,0.824,Bochum
12,Fortuna Düsseldorf,34,11,10,13,40,49,,32,,1990/91,-9,0.816,Düsseldorf
13,Karlsruher SC,34,8,15,11,46,52,,31,,1990/91,-6,0.885,Karlsruhe
14,VfL Bochum,34,9,11,14,50,52,,29,,1990/91,-2,0.962,Bochum
15,1. FC Nürnberg,34,10,9,15,40,54,,29,,1990/91,-14,0.741,Nürnberg
16,FC St. Pauli,34,6,15,13,33,53,,27,Qualification to relegation play-offs,1990/91,-20,0.623,Hamburg
17,KFC Uerdingen,34,5,13,16,34,54,,23,Relegation to 2. Bundesliga,1990/91,-20,0.63,Krefeld
18,Hertha BSC,34,3,8,23,37,84,,14,Relegation to 2. Bundesliga,1990/91,-47,0.44,Berlin
1,VfB Stuttgart,38,21,10,7,62,32,,52,Qualification to Champions League first round,1991/92,30,1.938,Stuttgart
2,Borussia Dortmund,38,20,12,6,66,47,,52,Qualification to UEFA Cup first round,1991/92,19,1.404,Dortmund
3,Eintracht Frankfurt,38,18,14,6,76,41,,50,Qualification to UEFA Cup first round,1991/92,35,1.854,Frankfurt
4,1. FC Köln,38,13,18,7,58,41,,44,Qualification to UEFA Cup first round,1991/92,17,1.415,Köln
5,1. FC Kaiserslautern,38,17,10,11,58,42,,44,Qualification to UEFA Cup first round,1991/92,16,1.381,Kaiserslautern
6,Bayer Leverkusen,38,15,13,10,53,39,,43,,1991/92,14,1.359,Leverkusen
7,1. FC Nürnberg,38,18,7,13,54,51,,43,,1991/92,3,1.059,Nürnberg
8,Karlsruher SC,38,16,9,13,48,50,,41,,1991/92,-2,0.96,Karlsruhe
9,Werder Bremen,38,11,16,11,44,45,,38,Qualification to Cup Winners' Cup first round,1991/92,-1,0.978,Bremen
10,Bayern Munich,38,13,10,15,59,61,,36,,1991/92,-2,0.967,München
11,Schalke 04,38,11,12,15,45,45,,34,,1991/92,0,1.0,Gelsenkirchen
12,Hamburger SV,38,9,16,13,32,43,,34,,1991/92,-11,0.744,Hamburg
13,Borussia Mönchengladbach,38,10,14,14,37,49,,34,,1991/92,-12,0.755,Mönchengladbach
14,Dynamo Dresden,38,12,10,16,34,50,,34,,1991/92,-16,0.68,Dresden
15,VfL Bochum,38,10,13,15,38,55,,33,,1991/92,-17,0.691,Bochum
16,SG Wattenscheid 09,38,9,14,15,50,60,,32,,1991/92,-10,0.833,Bochum
17,Stuttgarter Kickers,38,10,11,17,53,64,,31,Relegation to 2. Bundesliga,1991/92,-11,0.828,Stuttgart
18,Hansa Rostock,38,10,11,17,43,55,,31,Relegation to 2. Bundesliga,1991/92,-12,0.782,Rostock
19,MSV Duisburg,38,7,16,15,43,55,,30,Relegation to 2. Bundesliga,1991/92,-12,0.782,Duisburg
20,Fortuna Düsseldorf,38,6,12,20,41,69,,24,Relegation to 2. Bundesliga,1991/92,-28,0.594,Düsseldorf
1,Werder Bremen,34,19,10,5,63,30,,48,Qualification to Champions League first round,1992/93,33,2.1,Bremen
2,Bayern Munich,34,18,11,5,74,45,,47,Qualification to UEFA Cup first round,1992/93,29,1.644,München
3,Eintracht Frankfurt,34,15,12,7,56,39,,42,Qualification to UEFA Cup first round,1992/93,17,1.436,Frankfurt
4,Borussia Dortmund,34,18,5,11,61,43,,41,Qualification to UEFA Cup first round,1992/93,18,1.419,Dortmund
5,Bayer Leverkusen,34,14,12,8,64,45,,40,Qualification to Cup Winners' Cup first round,1992/93,19,1.422,Leverkusen
6,Karlsruher SC,34,14,11,9,60,54,,39,Qualification to UEFA Cup first round[a],1992/93,6,1.111,Karlsruhe
7,VfB Stuttgart,34,12,12,10,56,50,,36,,1992/93,6,1.12,Stuttgart
8,1. FC Kaiserslautern,34,13,9,12,50,40,,35,,1992/93,10,1.25,Kaiserslautern
9,Borussia Mönchengladbach,34,13,9,12,59,59,,35,,1992/93,0,1.0,Mönchengladbach
10,Schalke 04,34,11,12,11,42,43,,34,,1992/93,-1,0.977,Gelsenkirchen
11,Hamburger SV,34,8,15,11,42,44,,31,,1992/93,-2,0.955,Hamburg
12,1. FC Köln,34,12,4,18,41,51,,28,,1992/93,-10,0.804,Köln
13,1. FC Nürnberg,34,10,8,16,30,47,,28,,1992/93,-17,0.638,Nürnberg
14,SG Wattenscheid 09,34,10,8,16,46,67,,28,,1992/93,-21,0.687,Bochum
15,Dynamo Dresden,34,7,13,14,32,49,,27,,1992/93,-17,0.653,Dresden
16,VfL Bochum,34,8,10,16,45,52,,26,Relegation to 2. Bundesliga,1992/93,-7,0.865,Bochum
17,KFC Uerdingen,34,7,10,17,35,64,,24,Relegation to 2. Bundesliga,1992/93,-29,0.547,Krefeld
18,1. FC Saarbrücken,34,5,13,16,37,71,,23,Relegation to 2. Bundesliga,1992/93,-34,0.521,Saarbrücken
1,Bayern Munich,34,17,10,7,68,37,,44,Qualification to Champions League group stage,1993/94,31,1.838,München
2,1. FC Kaiserslautern,34,18,7,9,64,36,,43,Qualification to UEFA Cup first round,1993/94,28,1.778,Kaiserslautern
3,Bayer Leverkusen,34,14,11,9,60,47,,39,Qualification to UEFA Cup first round,1993/94,13,1.277,Leverkusen
4,Borussia Dortmund,34,15,9,10,49,45,,39,Qualification to UEFA Cup first round,1993/94,4,1.089,Dortmund
5,Eintracht Frankfurt,34,15,8,11,57,41,,38,Qualification to UEFA Cup first round,1993/94,16,1.39,Frankfurt
6,Karlsruher SC,34,14,10,10,46,43,,38,,1993/94,3,1.07,Karlsruhe
7,VfB Stuttgart,34,13,11,10,51,43,,37,,1993/94,8,1.186,Stuttgart
8,Werder Bremen,34,13,10,11,51,44,,36,Qualification to Cup Winners' Cup first round,1993/94,7,1.159,Bremen
9,MSV Duisburg,34,14,8,12,41,52,,36,,1993/94,-11,0.788,Duisburg
10,Borussia Mönchengladbach,34,14,7,13,65,59,,35,,1993/94,6,1.102,Mönchengladbach
11,1. FC Köln,34,14,6,14,49,51,,34,,1993/94,-2,0.961,Köln
12,Hamburger SV,34,13,8,13,48,52,,34,,1993/94,-4,0.923,Hamburg
13,Dynamo Dresden,34,10,14,10,33,44,,30,,1993/94,-11,0.75,Dresden
14,Schalke 04,34,10,9,15,38,50,,29,,1993/94,-12,0.76,Gelsenkirchen
15,SC Freiburg,34,10,8,16,54,57,,28,,1993/94,-3,0.947,Freiburg im Breisgau
16,1. FC Nürnberg,34,10,8,16,41,55,,28,Relegation to 2. Bundesliga,1993/94,-14,0.745,Nürnberg
17,SG Wattenscheid 09,34,6,11,17,48,70,,23,Relegation to 2. Bundesliga,1993/94,-22,0.686,Bochum
18,VfB Leipzig,34,3,11,20,32,69,,17,Relegation to 2. Bundesliga,1993/94,-37,0.464,Leipzig
1,Borussia Dortmund,34,20,9,5,67,33,,49,Qualification to Champions League group stage,1994/95,34,2.03,Dortmund
2,Werder Bremen,34,20,8,6,70,39,,48,Qualification to UEFA Cup first round,1994/95,31,1.795,Bremen
3,SC Freiburg,34,20,6,8,66,44,,46,Qualification to UEFA Cup first round,1994/95,22,1.5,Freiburg im Breisgau
4,1. FC Kaiserslautern,34,17,12,5,58,41,,46,Qualification to UEFA Cup first round,1994/95,17,1.415,Kaiserslautern
5,Borussia Mönchengladbach,34,17,9,8,66,41,,43,Qualification to Cup Winners' Cup first round,1994/95,25,1.61,Mönchengladbach
6,Bayern Munich,34,15,13,6,55,41,,43,Qualification to UEFA Cup first round[a],1994/95,14,1.341,München
7,Bayer Leverkusen,34,13,10,11,62,51,,36,Qualification to Intertoto Cup group stage,1994/95,11,1.216,Leverkusen
8,Karlsruher SC,34,11,14,9,51,47,,36,Qualification to Intertoto Cup group stage,1994/95,4,1.085,Karlsruhe
9,Eintracht Frankfurt,34,12,9,13,41,49,,33,Qualification to Intertoto Cup group stage,1994/95,-8,0.837,Frankfurt
10,1. FC Köln,34,11,10,13,54,54,,32,Qualification to Intertoto Cup group stage,1994/95,0,1.0,Köln
11,Schalke 04,34,10,11,13,48,54,,31,,1994/95,-6,0.889,Gelsenkirchen
12,VfB Stuttgart,34,10,10,14,52,66,,30,,1994/95,-14,0.788,Stuttgart
13,Hamburger SV,34,10,9,15,43,50,,29,,1994/95,-7,0.86,Hamburg
14,1860 Munich,34,8,11,15,41,57,,27,,1994/95,-16,0.719,München
15,KFC Uerdingen,34,7,11,16,37,52,,25,,1994/95,-15,0.712,Krefeld
16,VfL Bochum,34,9,4,21,43,67,,22,Relegation to 2. Bundesliga,1994/95,-24,0.642,Bochum
17,MSV Duisburg,34,6,8,20,31,64,,20,Relegation to 2. Bundesliga,1994/95,-33,0.484,Duisburg
18,Dynamo Dresden,34,4,8,22,33,68,,16,Relegation to Regionalliga[b],1994/95,-35,0.485,Dresden
1,Borussia Dortmund,34,19,11,4,76,38,,68,Qualification to Champions League group stage,1995/96,38,2.0,Dortmund
2,Bayern Munich,34,19,5,10,66,46,,62,Qualification to UEFA Cup first round,1995/96,20,1.435,München
3,Schalke 04,34,14,14,6,45,36,,56,Qualification to UEFA Cup first round,1995/96,9,1.25,Gelsenkirchen
4,Borussia Mönchengladbach,34,15,8,11,52,51,,53,Qualification to UEFA Cup first round,1995/96,1,1.02,Mönchengladbach
5,Hamburger SV,34,12,14,8,52,47,,50,Qualification to UEFA Cup first round,1995/96,5,1.106,Hamburg
6,Hansa Rostock,34,13,10,11,47,43,,49,,1995/96,4,1.093,Rostock
7,Karlsruher SC,34,12,12,10,53,47,,48,Qualification to Intertoto Cup group stage[a],1995/96,6,1.128,Karlsruhe
8,1860 Munich,34,11,12,11,52,46,,45,Qualification to Intertoto Cup group stage[a],1995/96,6,1.13,München
9,Werder Bremen,34,10,14,10,39,42,,44,Qualification to Intertoto Cup group stage[a],1995/96,-3,0.929,Bremen
10,VfB Stuttgart,34,10,13,11,59,62,,43,Qualification to Intertoto Cup group stage[a],1995/96,-3,0.952,Stuttgart
11,SC Freiburg,34,11,9,14,30,41,,42,,1995/96,-11,0.732,Freiburg im Breisgau
12,1. FC Köln,34,9,13,12,33,35,,40,,1995/96,-2,0.943,Köln
13,Fortuna Düsseldorf,34,8,16,10,40,47,,40,,1995/96,-7,0.851,Düsseldorf
14,Bayer Leverkusen,34,8,14,12,37,38,,38,,1995/96,-1,0.974,Leverkusen
15,FC St. Pauli,34,9,11,14,43,51,,38,,1995/96,-8,0.843,Hamburg
16,1. FC Kaiserslautern,34,6,18,10,31,37,,36,Cup Winners' Cup and relegation to 2. Bundesliga,1995/96,-6,0.838,Kaiserslautern
17,Eintracht Frankfurt,34,7,11,16,43,68,,32,Relegation to 2. Bundesliga,1995/96,-25,0.632,Frankfurt
18,KFC Uerdingen,34,5,11,18,33,56,,26,Relegation to 2. Bundesliga,1995/96,-23,0.589,Krefeld
1,Bayern Munich,34,20,11,3,68,34,,71,Qualification to Champions League group stage[a],1996/97,34,2.0,München
2,Bayer Leverkusen,34,21,6,7,69,41,,69,Qualification to Champions League second qualifying round,1996/97,28,1.683,Leverkusen
3,Borussia Dortmund,34,19,6,9,63,41,,63,Qualification to Champions League group stage[a],1996/97,22,1.537,Dortmund
4,VfB Stuttgart,34,18,7,9,78,40,,61,Qualification to Cup Winners' Cup first round,1996/97,38,1.95,Stuttgart
5,VfL Bochum,34,14,11,9,54,51,,53,Qualification to UEFA Cup first round,1996/97,3,1.059,Bochum
6,Karlsruher SC,34,13,10,11,55,44,,49,Qualification to UEFA Cup first round,1996/97,11,1.25,Karlsruhe
7,1860 Munich,34,13,10,11,56,56,,49,Qualification to UEFA Cup first round,1996/97,0,1.0,München
8,Werder Bremen,34,14,6,14,53,52,,48,Qualification to Intertoto Cup group stage,1996/97,1,1.019,Bremen
9,MSV Duisburg,34,12,9,13,44,49,,45,Qualification to Intertoto Cup group stage,1996/97,-5,0.898,Duisburg
10,1. FC Köln,34,13,5,16,62,62,,44,Qualification to Intertoto Cup group stage,1996/97,0,1.0,Köln
11,Borussia Mönchengladbach,34,12,7,15,46,48,,43,,1996/97,-2,0.958,Mönchengladbach
12,Schalke 04,34,11,10,13,35,40,,43,Qualification to UEFA Cup first round[a],1996/97,-5,0.875,Gelsenkirchen
13,Hamburger SV,34,10,11,13,46,60,,41,Qualification to Intertoto Cup group stage,1996/97,-14,0.767,Hamburg
14,Arminia Bielefeld,34,11,7,16,46,54,,40,,1996/97,-8,0.852,Bielefeld
15,Hansa Rostock,34,11,7,16,35,46,,40,,1996/97,-11,0.761,Rostock
16,Fortuna Düsseldorf,34,9,6,19,26,57,,33,Relegation to 2. Bundesliga,1996/97,-31,0.456,Düsseldorf
17,SC Freiburg,34,8,5,21,43,67,,29,Relegation to 2. Bundesliga,1996/97,-24,0.642,Freiburg im Breisgau
18,FC St. Pauli,34,7,6,21,32,69,,27,Relegation to 2. Bundesliga,1996/97,-37,0.464,Hamburg
1,1. FC Kaiserslautern,34,19,11,4,63,39,,68,Qualification to Champions League group stage,1997/98,24,1.615,Kaiserslautern
2,Bayern Munich,34,19,9,6,69,37,,66,Qualification to Champions League second qualifying round,1997/98,32,1.865,München
3,Bayer Leverkusen,34,14,13,7,66,39,,55,Qualification to UEFA Cup first round,1997/98,27,1.692,Leverkusen
4,VfB Stuttgart,34,14,10,10,55,49,,52,Qualification to UEFA Cup first round,1997/98,6,1.122,Stuttgart
5,Schalke 04,34,13,13,8,38,32,,52,Qualification to UEFA Cup first round,1997/98,6,1.188,Gelsenkirchen
6,Hansa Rostock,34,14,9,11,54,46,,51,Qualification to Intertoto Cup third round,1997/98,8,1.174,Rostock
7,Werder Bremen,34,14,8,12,43,47,,50,Qualification to Intertoto Cup second round,1997/98,-4,0.915,Bremen
8,MSV Duisburg,34,11,11,12,43,44,,44,Qualification to Cup Winners' Cup first round[a],1997/98,-1,0.977,Duisburg
9,Hamburger SV,34,11,11,12,38,46,,44,,1997/98,-8,0.826,Hamburg
10,Borussia Dortmund,34,11,10,13,57,55,,43,,1997/98,2,1.036,Dortmund
11,Hertha BSC,34,12,7,15,41,53,,43,,1997/98,-12,0.774,Berlin
12,VfL Bochum,34,11,8,15,41,49,,41,,1997/98,-8,0.837,Bochum
13,1860 Munich,34,11,8,15,43,54,,41,,1997/98,-11,0.796,München
14,VfL Wolfsburg,34,11,6,17,38,54,,39,,1997/98,-16,0.704,Wolfsburg
15,Borussia Mönchengladbach,34,9,11,14,54,59,,38,,1997/98,-5,0.915,Mönchengladbach
16,Karlsruher SC,34,9,11,14,48,60,,38,Relegation to 2. Bundesliga,1997/98,-12,0.8,Karlsruhe
17,1. FC Köln,34,10,6,18,49,64,,36,Relegation to 2. Bundesliga,1997/98,-15,0.766,Köln
18,Arminia Bielefeld,34,8,8,18,43,56,,32,Relegation to 2. Bundesliga,1997/98,-13,0.768,Bielefeld
1,Bayern Munich,34,24,6,4,76,28,,78,Qualification to Champions League group stage,1998/99,48,2.714,München
2,Bayer Leverkusen,34,17,12,5,61,30,,63,Qualification to Champions League group stage,1998/99,31,2.033,Leverkusen
3,Hertha BSC,34,18,8,8,59,32,,62,Qualification to Champions League third qualifying round,1998/99,27,1.844,Berlin
4,Borussia Dortmund,34,16,9,9,48,34,,57,Qualification to Champions League third qualifying round,1998/99,14,1.412,Dortmund
5,1. FC Kaiserslautern,34,17,6,11,51,47,,57,Qualification to UEFA Cup first round,1998/99,4,1.085,Kaiserslautern
6,VfL Wolfsburg,34,15,10,9,54,49,,55,Qualification to UEFA Cup first round,1998/99,5,1.102,Wolfsburg
7,Hamburger SV,34,13,11,10,47,46,,50,Qualification to Intertoto Cup third round,1998/99,1,1.022,Hamburg
8,MSV Duisburg,34,13,10,11,48,45,,49,Qualification to Intertoto Cup second round,1998/99,3,1.067,Duisburg
9,1860 Munich,34,11,8,15,49,56,,41,,1998/99,-7,0.875,München
10,Schalke 04,34,10,11,13,41,54,,41,,1998/99,-13,0.759,Gelsenkirchen
11,VfB Stuttgart,34,9,12,13,41,48,,39,,1998/99,-7,0.854,Stuttgart
12,SC Freiburg,34,10,9,15,36,44,,39,,1998/99,-8,0.818,Freiburg im Breisgau
13,Werder Bremen,34,10,8,16,41,47,,38,Qualification to UEFA Cup first round[a],1998/99,-6,0.872,Bremen
14,Hansa Rostock,34,9,11,14,49,58,,38,,1998/99,-9,0.845,Rostock
15,Eintracht Frankfurt,34,9,10,15,44,54,,37,,1998/99,-10,0.815,Frankfurt
16,1. FC Nürnberg,34,7,16,11,40,50,,37,Relegation to 2. Bundesliga,1998/99,-10,0.8,Nürnberg
17,VfL Bochum,34,7,8,19,40,65,,29,Relegation to 2. Bundesliga,1998/99,-25,0.615,Bochum
18,Borussia Mönchengladbach,34,4,9,21,41,79,,21,Relegation to 2. Bundesliga,1998/99,-38,0.519,Mönchengladbach
1,Bayern Munich,34,22,7,5,73,28,,73,Qualification to Champions League group stage,1999/2000,45,2.607,München
2,Bayer Leverkusen,34,21,10,3,74,36,,73,Qualification to Champions League group stage,1999/2000,38,2.056,Leverkusen
3,Hamburger SV,34,16,11,7,63,39,,59,Qualification to Champions League third qualifying round,1999/2000,24,1.615,Hamburg
4,1860 Munich,34,14,11,9,55,48,,53,Qualification to Champions League third qualifying round,1999/2000,7,1.146,München
5,1. FC Kaiserslautern,34,15,5,14,54,59,,50,Qualification to UEFA Cup first round,1999/2000,-5,0.915,Kaiserslautern
6,Hertha BSC,34,13,11,10,39,46,,50,Qualification to UEFA Cup first round,1999/2000,-7,0.848,Berlin
7,VfL Wolfsburg,34,12,13,9,51,58,,49,Qualification to Intertoto Cup third round,1999/2000,-7,0.879,Wolfsburg
8,VfB Stuttgart,34,14,6,14,44,47,,48,Qualification to Intertoto Cup second round,1999/2000,-3,0.936,Stuttgart
9,Werder Bremen,34,13,8,13,65,52,,47,Qualification to UEFA Cup first round[a],1999/2000,13,1.25,Bremen
10,SpVgg Unterhaching,34,12,8,14,40,42,,44,,1999/2000,-2,0.952,Unterhaching
11,Borussia Dortmund,34,9,13,12,41,38,,40,,1999/2000,3,1.079,Dortmund
12,SC Freiburg,34,10,10,14,45,50,,40,,1999/2000,-5,0.9,Freiburg im Breisgau
13,Schalke 04,34,8,15,11,42,44,,39[b],,1999/2000,-2,0.955,Gelsenkirchen
14,Eintracht Frankfurt,34,12,5,17,42,44,,39[b],,1999/2000,-2,0.955,Frankfurt
15,Hansa Rostock,34,8,14,12,44,60,,38,,1999/2000,-16,0.733,Rostock
16,SSV Ulm 1846,34,9,8,17,36,62,,35,Relegation to 2. Bundesliga,1999/2000,-26,0.581,Ulm
17,Arminia Bielefeld,34,7,9,18,40,61,,30,Relegation to 2. Bundesliga,1999/2000,-21,0.656,Bielefeld
18,MSV Duisburg,34,4,10,20,37,71,,22,Relegation to 2. Bundesliga,1999/2000,-34,0.521,Duisburg
1,Bayern Munich,34,19,6,9,62,37,,63,Qualification to Champions League group stage,2000/01,25,1.676,München
2,Schalke 04,34,18,8,8,65,35,,62,Qualification to Champions League group stage,2000/01,30,1.857,Gelsenkirchen
3,Borussia Dortmund,34,16,10,8,62,42,,58,Qualification to Champions League third qualifying round,2000/01,20,1.476,Dortmund
4,Bayer Leverkusen,34,17,6,11,54,40,,57,Qualification to Champions League third qualifying round,2000/01,14,1.35,Leverkusen
5,Hertha BSC,34,18,2,14,58,52,,56,Qualification to UEFA Cup first round,2000/01,6,1.115,Berlin
6,SC Freiburg,34,15,10,9,54,37,,55,Qualification to UEFA Cup first round,2000/01,17,1.459,Freiburg im Breisgau
7,Werder Bremen,34,15,8,11,53,48,,53,Qualification to Intertoto Cup third round,2000/01,5,1.104,Bremen
8,1. FC Kaiserslautern,34,15,5,14,49,54,,50,,2000/01,-5,0.907,Kaiserslautern
9,VfL Wolfsburg,34,12,11,11,60,45,,47,Qualification to Intertoto Cup third round,2000/01,15,1.333,Wolfsburg
10,1. FC Köln,34,12,10,12,59,52,,46,,2000/01,7,1.135,Köln
11,1860 Munich,34,12,8,14,43,55,,44,Qualification to Intertoto Cup second round,2000/01,-12,0.782,München
12,Hansa Rostock,34,12,7,15,34,47,,43,,2000/01,-13,0.723,Rostock
13,Hamburger SV,34,10,11,13,58,58,,41,,2000/01,0,1.0,Hamburg
14,Energie Cottbus,34,12,3,19,38,52,,39,,2000/01,-14,0.731,Cottbus
15,VfB Stuttgart,34,9,11,14,42,49,,38,,2000/01,-7,0.857,Stuttgart
16,SpVgg Unterhaching,34,8,11,15,35,59,,35,Relegation to 2. Bundesliga,2000/01,-24,0.593,Unterhaching
17,Eintracht Frankfurt,34,10,5,19,41,68,,35,Relegation to 2. Bundesliga,2000/01,-27,0.603,Frankfurt
18,VfL Bochum,34,7,6,21,30,67,,27,Relegation to 2. Bundesliga,2000/01,-37,0.448,Bochum
1,Borussia Dortmund,34,21,7,6,62,33,,70,Qualification to Champions League group stage,2001/02,29,1.879,Dortmund
2,Bayer Leverkusen,34,21,6,7,77,38,,69,Qualification to Champions League group stage,2001/02,39,2.026,Leverkusen
3,Bayern Munich,34,20,8,6,65,25,,68,Qualification to Champions League third qualifying round,2001/02,40,2.6,München
4,Hertha BSC,34,18,7,9,61,38,,61,Qualification to UEFA Cup first round,2001/02,23,1.605,Berlin
5,Schalke 04,34,18,7,9,52,36,,61,Qualification to UEFA Cup first round,2001/02,16,1.444,Gelsenkirchen
6,Werder Bremen,34,17,5,12,54,43,,56,Qualification to UEFA Cup first round,2001/02,11,1.256,Bremen
7,1. FC Kaiserslautern,34,17,5,12,62,53,,56,Qualification to Intertoto Cup third round,2001/02,9,1.17,Kaiserslautern
8,VfB Stuttgart,34,13,11,10,47,43,,50,Qualification to Intertoto Cup second round,2001/02,4,1.093,Stuttgart
9,1860 Munich,34,15,5,14,59,59,,50,Qualification to Intertoto Cup second round,2001/02,0,1.0,München
10,VfL Wolfsburg,34,13,7,14,57,49,,46,,2001/02,8,1.163,Wolfsburg
11,Hamburger SV,34,10,10,14,51,57,,40,,2001/02,-6,0.895,Hamburg
12,Borussia Mönchengladbach,34,9,12,13,41,53,,39,,2001/02,-12,0.774,Mönchengladbach
13,Energie Cottbus,34,9,8,17,36,60,,35,,2001/02,-24,0.6,Cottbus
14,Hansa Rostock,34,9,7,18,35,54,,34,,2001/02,-19,0.648,Rostock
15,1. FC Nürnberg,34,10,4,20,34,57,,34,,2001/02,-23,0.596,Nürnberg
16,SC Freiburg,34,7,9,18,37,64,,30,Relegation to 2. Bundesliga,2001/02,-27,0.578,Freiburg im Breisgau
17,1. FC Köln,34,7,8,19,26,61,,29,Relegation to 2. Bundesliga,2001/02,-35,0.426,Köln
18,FC St. Pauli,34,4,10,20,37,70,,22,Relegation to 2. Bundesliga,2001/02,-33,0.529,Hamburg
1,Bayern Munich,34,23,6,5,70,25,,75,Qualification to Champions League group stage,2002/03,45,2.8,München
2,VfB Stuttgart,34,17,8,9,53,39,,59,Qualification to Champions League group stage,2002/03,14,1.359,Stuttgart
3,Borussia Dortmund,34,15,13,6,51,27,,58,Qualification to Champions League third qualifying round,2002/03,24,1.889,Dortmund
4,Hamburger SV,34,15,11,8,46,36,,56,Qualification to UEFA Cup first round,2002/03,10,1.278,Hamburg
5,Hertha BSC,34,16,6,12,52,43,,54,Qualification to UEFA Cup first round,2002/03,9,1.209,Berlin
6,Werder Bremen,34,16,4,14,51,50,,52,Qualification to Intertoto Cup third round,2002/03,1,1.02,Bremen
7,Schalke 04,34,12,13,9,46,40,,49,Qualification to Intertoto Cup third round,2002/03,6,1.15,Gelsenkirchen
8,VfL Wolfsburg,34,13,7,14,39,42,,46,Qualification to Intertoto Cup second round,2002/03,-3,0.929,Wolfsburg
9,VfL Bochum,34,12,9,13,55,56,,45,,2002/03,-1,0.982,Bochum
10,1860 Munich,34,12,9,13,44,52,,45,,2002/03,-8,0.846,München
11,Hannover 96,34,12,7,15,47,57,,43,,2002/03,-10,0.825,Hannover
12,Borussia Mönchengladbach,34,11,9,14,43,45,,42,,2002/03,-2,0.956,Mönchengladbach
13,Hansa Rostock,34,11,8,15,35,41,,41,,2002/03,-6,0.854,Rostock
14,1. FC Kaiserslautern,34,10,10,14,40,42,,40,Qualification to UEFA Cup first round,2002/03,-2,0.952,Kaiserslautern
15,Bayer Leverkusen,34,11,7,16,47,56,,40,,2002/03,-9,0.839,Leverkusen
16,Arminia Bielefeld,34,8,12,14,35,46,,36,Relegation to 2. Bundesliga,2002/03,-11,0.761,Bielefeld
17,1. FC Nürnberg,34,8,6,20,33,60,,30,Relegation to 2. Bundesliga,2002/03,-27,0.55,Nürnberg
18,Energie Cottbus,34,7,9,18,34,64,,30,Relegation to 2. Bundesliga,2002/03,-30,0.531,Cottbus
1,Werder Bremen,34,22,8,4,79,38,,74,Qualification to Champions League group stage,2003/04,41,2.079,Bremen
2,Bayern Munich,34,20,8,6,70,39,,68,Qualification to Champions League group stage,2003/04,31,1.795,München
3,Bayer Leverkusen,34,19,8,7,73,39,,65,Qualification to Champions League third qualifying round,2003/04,34,1.872,Leverkusen
4,VfB Stuttgart,34,18,10,6,52,24,,64,Qualification to UEFA Cup first round,2003/04,28,2.167,Stuttgart
5,VfL Bochum,34,15,11,8,57,39,,56,Qualification to UEFA Cup first round,2003/04,18,1.462,Bochum
6,Borussia Dortmund,34,16,7,11,59,48,,55,Qualification to Intertoto Cup third round,2003/04,11,1.229,Dortmund
7,Schalke 04,34,13,11,10,49,42,,50,Qualification to Intertoto Cup third round,2003/04,7,1.167,Gelsenkirchen
8,Hamburger SV,34,14,7,13,47,60,,49,Qualification to Intertoto Cup third round,2003/04,-13,0.783,Hamburg
9,Hansa Rostock,34,12,8,14,55,54,,44,,2003/04,1,1.019,Rostock
10,VfL Wolfsburg,34,13,3,18,56,61,,42,Qualification to Intertoto Cup second round[a],2003/04,-5,0.918,Wolfsburg
11,Borussia Mönchengladbach,34,10,9,15,40,49,,39,,2003/04,-9,0.816,Mönchengladbach
12,Hertha BSC,34,9,12,13,42,59,,39,,2003/04,-17,0.712,Berlin
13,SC Freiburg,34,10,8,16,42,67,,38,,2003/04,-25,0.627,Freiburg im Breisgau
14,Hannover 96,34,9,10,15,49,63,,37,,2003/04,-14,0.778,Hannover
15,1. FC Kaiserslautern,34,11,6,17,39,62,,36,,2003/04,-23,0.629,Kaiserslautern
16,Eintracht Frankfurt,34,9,5,20,36,53,,32,Relegation to 2. Bundesliga,2003/04,-17,0.679,Frankfurt
17,1860 Munich,34,8,8,18,32,55,,32,Relegation to 2. Bundesliga,2003/04,-23,0.582,München
18,1. FC Köln,34,6,5,23,32,57,,23,Relegation to 2. Bundesliga,2003/04,-25,0.561,Köln
1,Bayern Munich,34,24,5,5,75,33,,77,Qualification to Champions League group stage,2004/05,42,2.273,München
2,Schalke 04,34,20,3,11,56,46,,63,Qualification to Champions League group stage,2004/05,10,1.217,Gelsenkirchen
3,Werder Bremen,34,18,5,11,68,37,,59,Qualification to Champions League third qualifying round,2004/05,31,1.838,Bremen
4,Hertha BSC,34,15,13,6,59,31,,58,Qualification to UEFA Cup first round[a],2004/05,28,1.903,Berlin
5,VfB Stuttgart,34,17,7,10,54,40,,58,Qualification to UEFA Cup first round[a],2004/05,14,1.35,Stuttgart
6,Bayer Leverkusen,34,16,9,9,65,44,,57,Qualification to UEFA Cup first round[a],2004/05,21,1.477,Leverkusen
7,Borussia Dortmund,34,15,10,9,47,44,,55,Qualification to Intertoto Cup third round,2004/05,3,1.068,Dortmund
8,Hamburger SV,34,16,3,15,55,50,,51,Qualification to Intertoto Cup second round,2004/05,5,1.1,Hamburg
9,VfL Wolfsburg,34,15,3,16,49,51,,48,Qualification to Intertoto Cup second round,2004/05,-2,0.961,Wolfsburg
10,Hannover 96,34,13,6,15,34,36,,45,,2004/05,-2,0.944,Hannover
11,Mainz 05,34,12,7,15,50,55,,43,Qualification to UEFA Cup first qualifying round[b],2004/05,-5,0.909,Mainz
12,1. FC Kaiserslautern,34,12,6,16,43,52,,42,,2004/05,-9,0.827,Kaiserslautern
13,Arminia Bielefeld,34,11,7,16,37,49,,40,,2004/05,-12,0.755,Bielefeld
14,1. FC Nürnberg,34,10,8,16,55,63,,38,,2004/05,-8,0.873,Nürnberg
15,Borussia Mönchengladbach,34,8,12,14,35,51,,36,,2004/05,-16,0.686,Mönchengladbach
16,VfL Bochum,34,9,8,17,47,68,,35,Relegation to 2. Bundesliga,2004/05,-21,0.691,Bochum
17,Hansa Rostock,34,7,9,18,31,65,,30,Relegation to 2. Bundesliga,2004/05,-34,0.477,Rostock
18,SC Freiburg,34,3,9,22,30,75,,18,Relegation to 2. Bundesliga,2004/05,-45,0.4,Freiburg im Breisgau
1,Bayern Munich,34,22,9,3,67,32,,75,Qualification to Champions League group stage,2005/06,35,2.094,München
2,Werder Bremen,34,21,7,6,79,37,,70,Qualification to Champions League group stage,2005/06,42,2.135,Bremen
3,Hamburger SV,34,21,5,8,53,30,,68,Qualification to Champions League third qualifying round,2005/06,23,1.767,Hamburg
4,Schalke 04,34,16,13,5,47,31,,61,Qualification to UEFA Cup first round,2005/06,16,1.516,Gelsenkirchen
5,Bayer Leverkusen,34,14,10,10,64,49,,52,Qualification to UEFA Cup first round,2005/06,15,1.306,Leverkusen
6,Hertha BSC,34,12,12,10,52,48,,48,Qualification to Intertoto Cup third round,2005/06,4,1.083,Berlin
7,Borussia Dortmund,34,11,13,10,45,42,,46,,2005/06,3,1.071,Dortmund
8,1. FC Nürnberg,34,12,8,14,49,51,,44,,2005/06,-2,0.961,Nürnberg
9,VfB Stuttgart,34,9,16,9,37,39,,43,,2005/06,-2,0.949,Stuttgart
10,Borussia Mönchengladbach,34,10,12,12,42,50,,42,,2005/06,-8,0.84,Mönchengladbach
11,Mainz 05,34,9,11,14,46,47,,38,,2005/06,-1,0.979,Mainz
12,Hannover 96,34,7,17,10,43,47,,38,,2005/06,-4,0.915,Hannover
13,Arminia Bielefeld,34,10,7,17,32,47,,37,,2005/06,-15,0.681,Bielefeld
14,Eintracht Frankfurt,34,9,9,16,42,51,,36,Qualification to UEFA Cup first round[a],2005/06,-9,0.824,Frankfurt
15,VfL Wolfsburg,34,7,13,14,33,55,,34,,2005/06,-22,0.6,Wolfsburg
16,1. FC Kaiserslautern,34,8,9,17,47,71,,33,Relegation to 2. Bundesliga,2005/06,-24,0.662,Kaiserslautern
17,1. FC Köln,34,7,9,18,49,71,,30,Relegation to 2. Bundesliga,2005/06,-22,0.69,Köln
18,MSV Duisburg,34,5,12,17,34,63,,27,Relegation to 2. Bundesliga,2005/06,-29,0.54,Duisburg
1,VfB Stuttgart,34,21,7,6,61,37,,70,Qualification to Champions League group stage,2006/07,24,1.649,Stuttgart
2,Schalke 04,34,21,5,8,53,32,,68,Qualification to Champions League group stage,2006/07,21,1.656,Gelsenkirchen
3,Werder Bremen,34,20,6,8,76,40,,66,Qualification to Champions League third qualifying round,2006/07,36,1.9,Bremen
4,Bayern Munich,34,18,6,10,55,40,,60,Qualification to UEFA Cup first round[a],2006/07,15,1.375,München
5,Bayer Leverkusen,34,15,6,13,54,49,,51,Qualification to UEFA Cup first round[a],2006/07,5,1.102,Leverkusen
6,1. FC Nürnberg,34,11,15,8,43,32,,48,Qualification to UEFA Cup first round[a],2006/07,11,1.344,Nürnberg
7,Hamburger SV,34,10,15,9,43,37,,45,Qualification to Intertoto Cup third round[a],2006/07,6,1.162,Hamburg
8,VfL Bochum,34,13,6,15,49,50,,45,,2006/07,-1,0.98,Bochum
9,Borussia Dortmund,34,12,8,14,41,43,,44,,2006/07,-2,0.953,Dortmund
10,Hertha BSC,34,12,8,14,50,55,,44,,2006/07,-5,0.909,Berlin
11,Hannover 96,34,12,8,14,41,50,,44,,2006/07,-9,0.82,Hannover
12,Arminia Bielefeld,34,11,9,14,47,49,,42,,2006/07,-2,0.959,Bielefeld
13,Energie Cottbus,34,11,8,15,38,49,,41,,2006/07,-11,0.776,Cottbus
14,Eintracht Frankfurt,34,9,13,12,46,58,,40,,2006/07,-12,0.793,Frankfurt
15,VfL Wolfsburg,34,8,13,13,37,45,,37,,2006/07,-8,0.822,Wolfsburg
16,Mainz 05,34,8,10,16,34,57,,34,Relegation to 2. Bundesliga,2006/07,-23,0.596,Mainz
17,Alemannia Aachen,34,9,7,18,46,70,,34,Relegation to 2. Bundesliga,2006/07,-24,0.657,Aachen
18,Borussia Mönchengladbach,34,6,8,20,23,44,,26,Relegation to 2. Bundesliga,2006/07,-21,0.523,Mönchengladbach
1,Bayern Munich,34,22,10,2,68,21,,76,Qualification to Champions League group stage,2007/08,47,3.238,München
2,Werder Bremen,34,20,6,8,75,45,,66,Qualification to Champions League group stage,2007/08,30,1.667,Bremen
3,Schalke 04,34,18,10,6,55,32,,64,Qualification to Champions League third qualifying round,2007/08,23,1.719,Gelsenkirchen
4,Hamburger SV,34,14,12,8,47,26,,54,Qualification to UEFA Cup first round,2007/08,21,1.808,Hamburg
5,VfL Wolfsburg,34,15,9,10,58,46,,54,Qualification to UEFA Cup first round,2007/08,12,1.261,Wolfsburg
6,VfB Stuttgart,34,16,4,14,57,57,,52,Qualification to Intertoto Cup third round,2007/08,0,1.0,Stuttgart
7,Bayer Leverkusen,34,15,6,13,57,40,,51,,2007/08,17,1.425,Leverkusen
8,Hannover 96,34,13,10,11,54,56,,49,,2007/08,-2,0.964,Hannover
9,Eintracht Frankfurt,34,12,10,12,43,50,,46,,2007/08,-7,0.86,Frankfurt
10,Hertha BSC,34,12,8,14,39,44,,44,Qualification to UEFA Cup first qualifying round[a],2007/08,-5,0.886,Berlin
11,Karlsruher SC,34,11,10,13,38,53,,43,,2007/08,-15,0.717,Karlsruhe
12,VfL Bochum,34,10,11,13,48,54,,41,,2007/08,-6,0.889,Bochum
13,Borussia Dortmund,34,10,10,14,50,62,,40,Qualification to UEFA Cup first round[b],2007/08,-12,0.806,Dortmund
14,Energie Cottbus,34,9,9,16,35,56,,36,,2007/08,-21,0.625,Cottbus
15,Arminia Bielefeld,34,8,10,16,35,60,,34,,2007/08,-25,0.583,Bielefeld
16,1. FC Nürnberg,34,7,10,17,35,51,,31,Relegation to 2. Bundesliga,2007/08,-16,0.686,Nürnberg
17,Hansa Rostock,34,8,6,20,30,52,,30,Relegation to 2. Bundesliga,2007/08,-22,0.577,Rostock
18,MSV Duisburg,34,8,5,21,36,55,,29,Relegation to 2. Bundesliga,2007/08,-19,0.655,Duisburg
1,VfL Wolfsburg,34,21,6,7,80,41,,69,Qualification to Champions League group stage,2008/09,39,1.951,Wolfsburg
2,Bayern Munich,34,20,7,7,71,42,,67,Qualification to Champions League group stage,2008/09,29,1.69,München
3,VfB Stuttgart,34,19,7,8,63,43,,64,Qualification to Champions League play-off round,2008/09,20,1.465,Stuttgart
4,Hertha BSC,34,19,6,9,48,41,,63,Qualification to Europa League play-off round,2008/09,7,1.171,Berlin
5,Hamburger SV,34,19,4,11,49,47,,61,Qualification to Europa League third qualifying round,2008/09,2,1.043,Hamburg
6,Borussia Dortmund,34,15,14,5,60,37,,59,,2008/09,23,1.622,Dortmund
7,TSG Hoffenheim,34,15,10,9,63,49,,55,,2008/09,14,1.286,Sinsheim
8,Schalke 04,34,14,8,12,47,35,,50,,2008/09,12,1.343,Gelsenkirchen
9,Bayer Leverkusen,34,14,7,13,59,46,,49,,2008/09,13,1.283,Leverkusen
10,Werder Bremen,34,12,9,13,64,50,,45,Qualification to Europa League play-off round,2008/09,14,1.28,Bremen
11,Hannover 96,34,10,10,14,49,69,,40,,2008/09,-20,0.71,Hannover
12,1. FC Köln,34,11,6,17,35,50,,39,,2008/09,-15,0.7,Köln
13,Eintracht Frankfurt,34,8,9,17,39,60,,33,,2008/09,-21,0.65,Frankfurt
14,VfL Bochum,34,7,11,16,39,55,,32,,2008/09,-16,0.709,Bochum
15,Borussia Mönchengladbach,34,8,7,19,39,62,,31,,2008/09,-23,0.629,Mönchengladbach
16,Energie Cottbus,34,8,6,20,30,57,,30,Qualification to relegation play-offs,2008/09,-27,0.526,Cottbus
17,Karlsruher SC,34,8,5,21,30,54,,29,Relegation to 2. Bundesliga,2008/09,-24,0.556,Karlsruhe
18,Arminia Bielefeld,34,4,16,14,29,56,,28,Relegation to 2. Bundesliga,2008/09,-27,0.518,Bielefeld
1,Bayern Munich,34,20,10,4,72,31,,70,Qualification to Champions League group stage,2009/10,41,2.323,München
2,Schalke 04,34,19,8,7,53,31,,65,Qualification to Champions League group stage,2009/10,22,1.71,Gelsenkirchen
3,Werder Bremen,34,17,10,7,71,40,,61,Qualification to Champions League play-off round,2009/10,31,1.775,Bremen
4,Bayer Leverkusen,34,15,14,5,65,38,,59,Qualification to Europa League play-off round,2009/10,27,1.711,Leverkusen
5,Borussia Dortmund,34,16,9,9,54,42,,57,Qualification to Europa League play-off round,2009/10,12,1.286,Dortmund
6,VfB Stuttgart,34,15,10,9,51,41,,55,Qualification to Europa League third qualifying round[a],2009/10,10,1.244,Stuttgart
7,Hamburger SV,34,13,13,8,56,41,,52,,2009/10,15,1.366,Hamburg
8,VfL Wolfsburg,34,14,8,12,64,58,,50,,2009/10,6,1.103,Wolfsburg
9,Mainz 05,34,12,11,11,36,42,,47,,2009/10,-6,0.857,Mainz
10,Eintracht Frankfurt,34,12,10,12,47,54,,46,,2009/10,-7,0.87,Frankfurt
11,TSG Hoffenheim,34,11,9,14,44,42,,42,,2009/10,2,1.048,Sinsheim
12,Borussia Mönchengladbach,34,10,9,15,43,60,,39,,2009/10,-17,0.717,Mönchengladbach
13,1. FC Köln,34,9,11,14,33,42,,38,,2009/10,-9,0.786,Köln
14,SC Freiburg,34,9,8,17,35,59,,35,,2009/10,-24,0.593,Freiburg im Breisgau
15,Hannover 96,34,9,6,19,43,67,,33,,2009/10,-24,0.642,Hannover
16,1. FC Nürnberg,34,8,7,19,32,58,,31,Qualification to relegation play-offs,2009/10,-26,0.552,Nürnberg
17,VfL Bochum,34,6,10,18,33,64,,28,Relegation to 2. Bundesliga,2009/10,-31,0.516,Bochum
18,Hertha BSC,34,5,9,20,34,56,,24,Relegation to 2. Bundesliga,2009/10,-22,0.607,Berlin
1,Borussia Dortmund,34,23,6,5,67,22,,75,Qualification to Champions League group stage,2010/11,45,3.045,Dortmund
2,Bayer Leverkusen,34,20,8,6,64,44,,68,Qualification to Champions League group stage,2010/11,20,1.455,Leverkusen
3,Bayern Munich,34,19,8,7,81,40,,65,Qualification to Champions League play-off round,2010/11,41,2.025,München
4,Hannover 96,34,19,3,12,49,45,,60,Qualification to Europa League play-off round,2010/11,4,1.089,Hannover
5,Mainz 05,34,18,4,12,52,39,,58,Qualification to Europa League third qualifying round,2010/11,13,1.333,Mainz
6,1. FC Nürnberg,34,13,8,13,47,45,,47,,2010/11,2,1.044,Nürnberg
7,1. FC Kaiserslautern,34,13,7,14,48,51,,46,,2010/11,-3,0.941,Kaiserslautern
8,Hamburger SV,34,12,9,13,46,52,,45,,2010/11,-6,0.885,Hamburg
9,SC Freiburg,34,13,5,16,41,50,,44,,2010/11,-9,0.82,Freiburg im Breisgau
10,1. FC Köln,34,13,5,16,47,62,,44,,2010/11,-15,0.758,Köln
11,TSG Hoffenheim,34,11,10,13,50,50,,43,,2010/11,0,1.0,Sinsheim
12,VfB Stuttgart,34,12,6,16,60,59,,42,,2010/11,1,1.017,Stuttgart
13,Werder Bremen,34,10,11,13,47,61,,41,,2010/11,-14,0.77,Bremen
14,Schalke 04,34,11,7,16,38,44,,40,Qualification to Europa League play-off round[a],2010/11,-6,0.864,Gelsenkirchen
15,VfL Wolfsburg,34,9,11,14,43,48,,38,,2010/11,-5,0.896,Wolfsburg
16,Borussia Mönchengladbach,34,10,6,18,48,65,,36,Qualification to relegation play-offs,2010/11,-17,0.738,Mönchengladbach
17,Eintracht Frankfurt,34,9,7,18,31,49,,34,Relegation to 2. Bundesliga,2010/11,-18,0.633,Frankfurt
18,FC St. Pauli,34,8,5,21,35,68,,29,Relegation to 2. Bundesliga,2010/11,-33,0.515,Hamburg
1,Borussia Dortmund,34,25,6,3,80,25,,81,Qualification to Champions League group stage,2011/12,55,3.2,Dortmund
2,Bayern Munich,34,23,4,7,77,22,,73,Qualification to Champions League group stage,2011/12,55,3.5,München
3,Schalke 04,34,20,4,10,74,44,,64,Qualification to Champions League group stage,2011/12,30,1.682,Gelsenkirchen
4,Borussia Mönchengladbach,34,17,9,8,49,24,,60,Qualification to Champions League play-off round,2011/12,25,2.042,Mönchengladbach
5,Bayer Leverkusen,34,15,9,10,52,44,,54,Qualification to Europa League group stage[a],2011/12,8,1.182,Leverkusen
6,VfB Stuttgart,34,15,8,11,63,46,,53,Qualification to Europa League play-off round[a],2011/12,17,1.37,Stuttgart
7,Hannover 96,34,12,12,10,41,45,,48,Qualification to Europa League third qualifying round[a],2011/12,-4,0.911,Hannover
8,VfL Wolfsburg,34,13,5,16,47,60,,44,,2011/12,-13,0.783,Wolfsburg
9,Werder Bremen,34,11,9,14,49,58,,42,,2011/12,-9,0.845,Bremen
10,1. FC Nürnberg,34,12,6,16,38,49,,42,,2011/12,-11,0.776,Nürnberg
11,TSG Hoffenheim,34,10,11,13,41,47,,41,,2011/12,-6,0.872,Sinsheim
12,SC Freiburg,34,10,10,14,45,61,,40,,2011/12,-16,0.738,Freiburg im Breisgau
13,Mainz 05,34,9,12,13,47,51,,39,,2011/12,-4,0.922,Mainz
14,FC Augsburg,34,8,14,12,36,49,,38,,2011/12,-13,0.735,Augsburg
15,Hamburger SV,34,8,12,14,35,57,,36,,2011/12,-22,0.614,Hamburg
16,Hertha BSC,34,7,10,17,38,64,,31,Qualification to relegation play-offs,2011/12,-26,0.594,Berlin
17,1. FC Köln,34,8,6,20,39,75,,30,Relegation to 2. Bundesliga,2011/12,-36,0.52,Köln
18,1. FC Kaiserslautern,34,4,11,19,24,54,,23,Relegation to 2. Bundesliga,2011/12,-30,0.444,Kaiserslautern
1,Bayern Munich,34,29,4,1,98,18,,91,Qualification for the Champions League group stage,2012/13,80,5.444,München
2,Borussia Dortmund,34,19,9,6,81,42,,66,Qualification for the Champions League group stage,2012/13,39,1.929,Dortmund
3,Bayer Leverkusen,34,19,8,7,65,39,,65,Qualification for the Champions League group stage,2012/13,26,1.667,Leverkusen
4,Schalke 04,34,16,7,11,58,50,,55,Qualification for the Champions League play-off round,2012/13,8,1.16,Gelsenkirchen
5,SC Freiburg,34,14,9,11,45,40,,51,Qualification for the Europa League group stage,2012/13,5,1.125,Freiburg im Breisgau
6,Eintracht Frankfurt,34,14,9,11,49,46,,51,Qualification for the Europa League play-off round,2012/13,3,1.065,Frankfurt
7,Hamburger SV,34,14,6,14,42,53,,48,,2012/13,-11,0.792,Hamburg
8,Borussia Mönchengladbach,34,12,11,11,45,49,,47,,2012/13,-4,0.918,Mönchengladbach
9,Hannover 96,34,13,6,15,60,62,,45,,2012/13,-2,0.968,Hannover
10,1. FC Nürnberg,34,11,11,12,39,47,,44,,2012/13,-8,0.83,Nürnberg
11,VfL Wolfsburg,34,10,13,11,47,52,,43,,2012/13,-5,0.904,Wolfsburg
12,VfB Stuttgart,34,12,7,15,37,55,,43,Qualification for the Europa League third qualifying round[a],2012/13,-18,0.673,Stuttgart
13,Mainz 05,34,10,12,12,42,44,,42,,2012/13,-2,0.955,Mainz
14,Werder Bremen,34,8,10,16,50,66,,34,,2012/13,-16,0.758,Bremen
15,FC Augsburg,34,8,9,17,33,51,,33,,2012/13,-18,0.647,Augsburg
16,TSG Hoffenheim,34,8,7,19,42,67,,31,Qualification for the relegation play-offs,2012/13,-25,0.627,Sinsheim
17,Fortuna Düsseldorf,34,7,9,18,39,57,,30,Relegation to 2. Bundesliga,2012/13,-18,0.684,Düsseldorf
18,Greuther Fürth,34,4,9,21,26,60,,21,Relegation to 2. Bundesliga,2012/13,-34,0.433,Fürth
1,Bayern Munich,34,29,3,2,94,23,,90,Qualification for the Champions League group stage,2013/14,71,4.087,München
2,Borussia Dortmund,34,22,5,7,80,38,,71,Qualification for the Champions League group stage,2013/14,42,2.105,Dortmund
3,Schalke 04,34,19,7,8,63,43,,64,Qualification for the Champions League group stage,2013/14,20,1.465,Gelsenkirchen
4,Bayer Leverkusen,34,19,4,11,60,41,,61,Qualification for the Champions League play-off round,2013/14,19,1.463,Leverkusen
5,VfL Wolfsburg,34,18,6,10,63,50,,60,Qualification for the Europa League group stage[a],2013/14,13,1.26,Wolfsburg
6,Borussia Mönchengladbach,34,16,7,11,59,43,,55,Qualification for the Europa League play-off round[a],2013/14,16,1.372,Mönchengladbach
7,Mainz 05,34,16,5,13,52,54,,53,Qualification for the Europa League third qualifying round[a],2013/14,-2,0.963,Mainz
8,FC Augsburg,34,15,7,12,47,47,,52,,2013/14,0,1.0,Augsburg
9,TSG Hoffenheim,34,11,11,12,72,70,,44,,2013/14,2,1.029,Sinsheim
10,Hannover 96,34,12,6,16,46,59,,42,,2013/14,-13,0.78,Hannover
11,Hertha BSC,34,11,8,15,40,48,,41,,2013/14,-8,0.833,Berlin
12,Werder Bremen,34,10,9,15,42,66,,39,,2013/14,-24,0.636,Bremen
13,Eintracht Frankfurt,34,9,9,16,40,57,,36,,2013/14,-17,0.702,Frankfurt
14,SC Freiburg,34,9,9,16,43,61,,36,,2013/14,-18,0.705,Freiburg im Breisgau
15,VfB Stuttgart,34,8,8,18,49,62,,32,,2013/14,-13,0.79,Stuttgart
16,Hamburger SV,34,7,6,21,51,75,,27,Qualification for the relegation play-offs,2013/14,-24,0.68,Hamburg
17,1. FC Nürnberg,34,5,11,18,37,70,,26,Relegation to 2. Bundesliga,2013/14,-33,0.529,Nürnberg
18,Eintracht Braunschweig,34,6,7,21,29,60,,25,Relegation to 2. Bundesliga,2013/14,-31,0.483,Braunschweig
1,Bayern Munich,34,25,4,5,80,18,,79,Qualification for the Champions League group stage,2014/15,62,4.444,München
2,VfL Wolfsburg,34,20,9,5,72,38,,69,Qualification for the Champions League group stage,2014/15,34,1.895,Wolfsburg
3,Borussia Mönchengladbach,34,19,9,6,53,26,,66,Qualification for the Champions League group stage,2014/15,27,2.038,Mönchengladbach
4,Bayer Leverkusen,34,17,10,7,62,37,,61,Qualification for the Champions League play-off round,2014/15,25,1.676,Leverkusen
5,FC Augsburg,34,15,4,15,43,43,,49,Qualification for the Europa League group stage[a],2014/15,0,1.0,Augsburg
6,Schalke 04,34,13,9,12,42,40,,48,Qualification for the Europa League group stage[a],2014/15,2,1.05,Gelsenkirchen
7,Borussia Dortmund,34,13,7,14,47,42,,46,Qualification for the Europa League third qualifying round[a],2014/15,5,1.119,Dortmund
8,TSG Hoffenheim,34,12,8,14,49,55,,44,,2014/15,-6,0.891,Sinsheim
9,Eintracht Frankfurt,34,11,10,13,56,62,,43,,2014/15,-6,0.903,Frankfurt
10,Werder Bremen,34,11,10,13,50,65,,43,,2014/15,-15,0.769,Bremen
11,Mainz 05,34,9,13,12,45,47,,40,,2014/15,-2,0.957,Mainz
12,1. FC Köln,34,9,13,12,34,40,,40,,2014/15,-6,0.85,Köln
13,Hannover 96,34,9,10,15,40,56,,37,,2014/15,-16,0.714,Hannover
14,VfB Stuttgart,34,9,9,16,42,60,,36,,2014/15,-18,0.7,Stuttgart
15,Hertha BSC,34,9,8,17,36,52,,35,,2014/15,-16,0.692,Berlin
16,Hamburger SV,34,9,8,17,25,50,,35,Qualification for the relegation play-offs,2014/15,-25,0.5,Hamburg
17,SC Freiburg,34,7,13,14,36,47,,34,Relegation to 2. Bundesliga,2014/15,-11,0.766,Freiburg im Breisgau
18,SC Paderborn,34,7,10,17,31,65,,31,Relegation to 2. Bundesliga,2014/15,-34,0.477,Paderborn
1,Bayern Munich,34,28,4,2,80,17,,88,Qualification for the Champions League group stage,2015/16,63,4.706,München
2,Borussia Dortmund,34,24,6,4,82,34,,78,Qualification for the Champions League group stage,2015/16,48,2.412,Dortmund
3,Bayer Leverkusen,34,18,6,10,56,40,,60,Qualification for the Champions League group stage,2015/16,16,1.4,Leverkusen
4,Borussia Mönchengladbach,34,17,4,13,67,50,,55,Qualification for the Champions League play-off round,2015/16,17,1.34,Mönchengladbach
5,Schalke 04,34,15,7,12,51,49,,52,Qualification for the Europa League group stage[a],2015/16,2,1.041,Gelsenkirchen
6,Mainz 05,34,14,8,12,46,42,,50,Qualification for the Europa League group stage[a],2015/16,4,1.095,Mainz
7,Hertha BSC,34,14,8,12,42,42,,50,Qualification for the Europa League third qualifying round[a],2015/16,0,1.0,Berlin
8,VfL Wolfsburg,34,12,9,13,47,49,,45,,2015/16,-2,0.959,Wolfsburg
9,1. FC Köln,34,10,13,11,38,42,,43,,2015/16,-4,0.905,Köln
10,Hamburger SV,34,11,8,15,40,46,,41,,2015/16,-6,0.87,Hamburg
11,FC Ingolstadt,34,10,10,14,33,42,,40,,2015/16,-9,0.786,Ingolstadt
12,FC Augsburg,34,9,11,14,42,52,,38,,2015/16,-10,0.808,Augsburg
13,Werder Bremen,34,10,8,16,50,65,,38,,2015/16,-15,0.769,Bremen
14,Darmstadt 98,34,9,11,14,38,53,,38,,2015/16,-15,0.717,Darmstadt
15,TSG Hoffenheim,34,9,10,15,39,54,,37,,2015/16,-15,0.722,Sinsheim
16,Eintracht Frankfurt,34,9,9,16,34,52,,36,Qualification for the relegation play-offs,2015/16,-18,0.654,Frankfurt
17,VfB Stuttgart,34,9,6,19,50,75,,33,Relegation to 2. Bundesliga,2015/16,-25,0.667,Stuttgart
18,Hannover 96,34,7,4,23,31,62,,25,Relegation to 2. Bundesliga,2015/16,-31,0.5,Hannover
1,Bayern Munich,34,25,7,2,89,22,,82,Qualification for the Champions League group stage,2016/17,67,4.045,München
2,RB Leipzig,34,20,7,7,66,39,,67,Qualification for the Champions League group stage,2016/17,27,1.692,Leipzig
3,Borussia Dortmund,34,18,10,6,72,40,,64,Qualification for the Champions League group stage,2016/17,32,1.8,Dortmund
4,TSG Hoffenheim,34,16,14,4,64,37,,62,Qualification for the Champions League play-off round,2016/17,27,1.73,Sinsheim
5,1. FC Köln,34,12,13,9,51,42,,49,Qualification for the Europa League group stage[a],2016/17,9,1.214,Köln
6,Hertha BSC,34,15,4,15,43,47,,49,Qualification for the Europa League group stage[a],2016/17,-4,0.915,Berlin
7,SC Freiburg,34,14,6,14,42,60,,48,Qualification for the Europa League third qualifying round,2016/17,-18,0.7,Freiburg im Breisgau
8,Werder Bremen,34,13,6,15,61,64,,45,,2016/17,-3,0.953,Bremen
9,Borussia Mönchengladbach,34,12,9,13,45,49,,45,,2016/17,-4,0.918,Mönchengladbach
10,Schalke 04,34,11,10,13,45,40,,43,,2016/17,5,1.125,Gelsenkirchen
11,Eintracht Frankfurt,34,11,9,14,36,43,,42,,2016/17,-7,0.837,Frankfurt
12,Bayer Leverkusen,34,11,8,15,53,55,,41,,2016/17,-2,0.964,Leverkusen
13,FC Augsburg,34,9,11,14,35,51,,38,,2016/17,-16,0.686,Augsburg
14,Hamburger SV,34,10,8,16,33,61,,38,,2016/17,-28,0.541,Hamburg
15,Mainz 05,34,10,7,17,44,55,,37,,2016/17,-11,0.8,Mainz
16,VfL Wolfsburg,34,10,7,17,34,52,,37,Qualification for the relegation play-offs,2016/17,-18,0.654,Wolfsburg
17,FC Ingolstadt,34,8,8,18,36,57,,32,Relegation to 2. Bundesliga,2016/17,-21,0.632,Ingolstadt
18,Darmstadt 98,34,7,4,23,28,63,,25,Relegation to 2. Bundesliga,2016/17,-35,0.444,Darmstadt
1,Bayern Munich,34,27,3,4,92,28,,84,Qualification for the Champions League group stage,2017/18,64,3.286,München
2,Schalke 04,34,18,9,7,53,37,,63,Qualification for the Champions League group stage,2017/18,16,1.432,Gelsenkirchen
3,TSG Hoffenheim,34,15,10,9,66,48,,55,Qualification for the Champions League group stage,2017/18,18,1.375,Sinsheim
4,Borussia Dortmund,34,15,10,9,64,47,,55,Qualification for the Champions League group stage,2017/18,17,1.362,Dortmund
5,Bayer Leverkusen,34,15,10,9,58,44,,55,Qualification for the Europa League group stage,2017/18,14,1.318,Leverkusen
6,RB Leipzig,34,15,8,11,57,53,,53,Qualification for the Europa League second qualifying round,2017/18,4,1.075,Leipzig
7,VfB Stuttgart,34,15,6,13,36,36,,51,,2017/18,0,1.0,Stuttgart
8,Eintracht Frankfurt,34,14,7,13,45,45,,49,Qualification for the Europa League group stage[a],2017/18,0,1.0,Frankfurt
9,Borussia Mönchengladbach,34,13,8,13,47,52,,47,,2017/18,-5,0.904,Mönchengladbach
10,Hertha BSC,34,10,13,11,43,46,,43,,2017/18,-3,0.935,Berlin
11,Werder Bremen,34,10,12,12,37,40,,42,,2017/18,-3,0.925,Bremen
12,FC Augsburg,34,10,11,13,43,46,,41,,2017/18,-3,0.935,Augsburg
13,Hannover 96,34,10,9,15,44,54,,39,,2017/18,-10,0.815,Hannover
14,Mainz 05,34,9,9,16,38,52,,36,,2017/18,-14,0.731,Mainz
15,SC Freiburg,34,8,12,14,32,56,,36,,2017/18,-24,0.571,Freiburg im Breisgau
16,VfL Wolfsburg,34,6,15,13,36,48,,33,Qualification for the relegation play-offs,2017/18,-12,0.75,Wolfsburg
17,Hamburger SV,34,8,7,19,29,53,,31,Relegation to 2. Bundesliga,2017/18,-24,0.547,Hamburg
18,1. FC Köln,34,5,7,22,35,70,,22,Relegation to 2. Bundesliga,2017/18,-35,0.5,Köln
1,Bayern Munich,34,24,6,4,88,32,,78,Qualification for the Champions League group stage,2018/19,56,2.75,München
2,Borussia Dortmund,34,23,7,4,81,44,,76,Qualification for the Champions League group stage,2018/19,37,1.841,Dortmund
3,RB Leipzig,34,19,9,6,63,29,,66,Qualification for the Champions League group stage,2018/19,34,2.172,Leipzig
4,Bayer Leverkusen,34,18,4,12,69,52,,58,Qualification for the Champions League group stage,2018/19,17,1.327,Leverkusen
5,Borussia Mönchengladbach,34,16,7,11,55,42,,55,Qualification for the Europa League group stage[a],2018/19,13,1.31,Mönchengladbach
6,VfL Wolfsburg,34,16,7,11,62,50,,55,Qualification for the Europa League group stage[a],2018/19,12,1.24,Wolfsburg
7,Eintracht Frankfurt,34,15,9,10,60,48,,54,Qualification for the Europa League second qualifying round[a],2018/19,12,1.25,Frankfurt
8,Werder Bremen,34,14,11,9,58,49,,53,,2018/19,9,1.184,Bremen
9,TSG Hoffenheim,34,13,12,9,70,52,,51,,2018/19,18,1.346,Sinsheim
10,Fortuna Düsseldorf,34,13,5,16,49,65,,44,,2018/19,-16,0.754,Düsseldorf
11,Hertha BSC,34,11,10,13,49,57,,43,,2018/19,-8,0.86,Berlin
12,Mainz 05,34,12,7,15,46,57,,43,,2018/19,-11,0.807,Mainz
13,SC Freiburg,34,8,12,14,46,61,,36,,2018/19,-15,0.754,Freiburg im Breisgau
14,Schalke 04,34,8,9,17,37,55,,33,,2018/19,-18,0.673,Gelsenkirchen
15,FC Augsburg,34,8,8,18,51,71,,32,,2018/19,-20,0.718,Augsburg
16,VfB Stuttgart,34,7,7,20,32,70,,28,Qualification for the relegation play-offs,2018/19,-38,0.457,Stuttgart
17,Hannover 96,34,5,6,23,31,71,,21,Relegation to 2. Bundesliga,2018/19,-40,0.437,Hannover
18,1. FC Nürnberg,34,3,10,21,26,68,,19,Relegation to 2. Bundesliga,2018/19,-42,0.382,Nürnberg
1,Bayern Munich,34,26,4,4,100,32,,82,Qualification for the Champions League group stage,2019/20,68,3.125,München
2,Borussia Dortmund,34,21,6,7,84,41,,69,Qualification for the Champions League group stage,2019/20,43,2.049,Dortmund
3,RB Leipzig,34,18,12,4,81,37,,66,Qualification for the Champions League group stage,2019/20,44,2.189,Leipzig
4,Borussia Mönchengladbach,34,20,5,9,66,40,,65,Qualification for the Champions League group stage,2019/20,26,1.65,Mönchengladbach
5,Bayer Leverkusen,34,19,6,9,61,44,,63,Qualification for the Europa League group stage[a],2019/20,17,1.386,Leverkusen
6,TSG Hoffenheim,34,15,7,12,53,53,,52,Qualification for the Europa League group stage[a],2019/20,0,1.0,Sinsheim
7,VfL Wolfsburg,34,13,10,11,48,46,,49,Qualification for the Europa League second qualifying round[a],2019/20,2,1.043,Wolfsburg
8,SC Freiburg,34,13,9,12,48,47,,48,,2019/20,1,1.021,Freiburg im Breisgau
9,Eintracht Frankfurt,34,13,6,15,59,60,,45,,2019/20,-1,0.983,Frankfurt
10,Hertha BSC,34,11,8,15,48,59,,41,,2019/20,-11,0.814,Berlin
11,Union Berlin,34,12,5,17,41,58,,41,,2019/20,-17,0.707,Berlin
12,Schalke 04,34,9,12,13,38,58,,39,,2019/20,-20,0.655,Gelsenkirchen
13,Mainz 05,34,11,4,19,44,65,,37,,2019/20,-21,0.677,Mainz
14,1. FC Köln,34,10,6,18,51,69,,36,,2019/20,-18,0.739,Köln
15,FC Augsburg,34,9,9,16,45,63,,36,,2019/20,-18,0.714,Augsburg
16,Werder Bremen,34,8,7,19,42,69,,31,Qualification for the relegation play-offs,2019/20,-27,0.609,Bremen
17,Fortuna Düsseldorf,34,6,12,16,36,67,,30,Relegation to 2. Bundesliga,2019/20,-31,0.537,Düsseldorf
18,SC Paderborn,34,4,8,22,37,74,,20,Relegation to 2. Bundesliga,2019/20,-37,0.5,Paderborn
1,Bayern Munich,34,24,6,4,99,44,,78,Qualification for the Champions League group stage,2020/21,55,2.25,München
2,RB Leipzig,34,19,8,7,60,32,,65,Qualification for the Champions League group stage,2020/21,28,1.875,Leipzig
3,Borussia Dortmund,34,20,4,10,75,46,,64,Qualification for the Champions League group stage,2020/21,29,1.63,Dortmund
4,VfL Wolfsburg,34,17,10,7,61,37,,61,Qualification for the Champions League group stage,2020/21,24,1.649,Wolfsburg
5,Eintracht Frankfurt,34,16,12,6,69,53,,60,Qualification for the Europa League group stage[a],2020/21,16,1.302,Frankfurt
6,Bayer Leverkusen,34,14,10,10,53,39,,52,Qualification for the Europa League group stage[a],2020/21,14,1.359,Leverkusen
7,Union Berlin,34,12,14,8,50,43,,50,Qualification for the Europa Conference League play-off round[a],2020/21,7,1.163,Berlin
8,Borussia Mönchengladbach,34,13,10,11,64,56,,49,,2020/21,8,1.143,Mönchengladbach
9,VfB Stuttgart,34,12,9,13,56,55,,45,,2020/21,1,1.018,Stuttgart
10,SC Freiburg,34,12,9,13,52,52,,45,,2020/21,0,1.0,Freiburg im Breisgau
11,TSG Hoffenheim,34,11,10,13,52,54,,43,,2020/21,-2,0.963,Sinsheim
12,Mainz 05,34,10,9,15,39,56,,39,,2020/21,-17,0.696,Mainz
13,FC Augsburg,34,10,6,18,36,54,,36,,2020/21,-18,0.667,Augsburg
14,Hertha BSC,34,8,11,15,41,52,,35,,2020/21,-11,0.788,Berlin
15,Arminia Bielefeld,34,9,8,17,26,52,,35,,2020/21,-26,0.5,Bielefeld
16,1. FC Köln,34,8,9,17,34,60,,33,Qualification for the relegation play-offs,2020/21,-26,0.567,Köln
17,Werder Bremen,34,7,10,17,36,57,,31,Relegation to 2. Bundesliga,2020/21,-21,0.632,Bremen
18,Schalke 04,34,3,7,24,25,86,,16,Relegation to 2. Bundesliga,2020/21,-61,0.291,Gelsenkirchen
1,Bayern Munich,34,24,5,5,97,37,,77,Qualification for the Champions League group stage,2021/22,60,2.622,München
2,Borussia Dortmund,34,22,3,9,85,52,,69,Qualification for the Champions League group stage,2021/22,33,1.635,Dortmund
3,Bayer Leverkusen,34,19,7,8,80,47,,64,Qualification for the Champions League group stage,2021/22,33,1.702,Leverkusen
4,RB Leipzig,34,17,7,10,72,37,,58,Qualification for the Champions League group stage,2021/22,35,1.946,Leipzig
5,Union Berlin,34,16,9,9,50,44,,57,Qualification for the Europa League group stage[a],2021/22,6,1.136,Berlin
6,SC Freiburg,34,15,10,9,58,46,,55,Qualification for the Europa League group stage[a],2021/22,12,1.261,Freiburg im Breisgau
7,1. FC Köln,34,14,10,10,52,49,,52,Qualification for the Europa Conference League play-off round[a],2021/22,3,1.061,Köln
8,Mainz 05,34,13,7,14,50,45,,46,,2021/22,5,1.111,Mainz
9,TSG Hoffenheim,34,13,7,14,58,60,,46,,2021/22,-2,0.967,Sinsheim
10,Borussia Mönchengladbach,34,12,9,13,54,61,,45,,2021/22,-7,0.885,Mönchengladbach
11,Eintracht Frankfurt,34,10,12,12,45,49,,42,Qualification for the Champions League group stage[b],2021/22,-4,0.918,Frankfurt
12,VfL Wolfsburg,34,12,6,16,43,54,,42,,2021/22,-11,0.796,Wolfsburg
13,VfL Bochum,34,12,6,16,38,52,,42,,2021/22,-14,0.731,Bochum
14,FC Augsburg,34,10,8,16,39,56,,38,,2021/22,-17,0.696,Augsburg
15,VfB Stuttgart,34,7,12,15,41,59,,33,,2021/22,-18,0.695,Stuttgart
16,Hertha BSC,34,9,6,19,37,71,,33,Qualification for the relegation play-offs,2021/22,-34,0.521,Berlin
17,Arminia Bielefeld,34,5,13,16,27,53,,28,Relegation to 2. Bundesliga,2021/22,-26,0.509,Bielefeld
18,Greuther Fürth,34,3,9,22,28,82,,18,Relegation to 2. Bundesliga,2021/22,-54,0.341,Fürth
1,Bayern Munich,34,21,8,5,92,38,,71,Qualification for the Champions League group stage,2022/23,54,2.421,München
2,Borussia Dortmund,34,22,5,7,83,44,,71,Qualification for the Champions League group stage,2022/23,39,1.886,Dortmund
3,RB Leipzig,34,20,6,8,64,41,,66,Qualification for the Champions League group stage,2022/23,23,1.561,Leipzig
4,Union Berlin,34,18,8,8,51,38,,62,Qualification for the Champions League group stage,2022/23,13,1.342,Berlin
5,SC Freiburg,34,17,8,9,51,44,,59,Qualification for the Europa League group stage[a],2022/23,7,1.159,Freiburg im Breisgau
6,Bayer Leverkusen,34,14,8,12,57,49,,50,Qualification for the Europa League group stage[a],2022/23,8,1.163,Leverkusen
7,Eintracht Frankfurt,34,13,11,10,58,52,,50,Qualification for the Europa Conference League play-off round[a],2022/23,6,1.115,Frankfurt
8,VfL Wolfsburg,34,13,10,11,57,48,,49,,2022/23,9,1.188,Wolfsburg
9,Mainz 05,34,12,10,12,54,55,,46,,2022/23,-1,0.982,Mainz
10,Borussia Mönchengladbach,34,11,10,13,52,55,,43,,2022/23,-3,0.945,Mönchengladbach
11,1. FC Köln,34,10,12,12,49,54,,42,,2022/23,-5,0.907,Köln
12,TSG Hoffenheim,34,10,6,18,48,57,,36,,2022/23,-9,0.842,Sinsheim
13,Werder Bremen,34,10,6,18,51,64,,36,,2022/23,-13,0.797,Bremen
14,VfL Bochum,34,10,5,19,40,72,,35,,2022/23,-32,0.556,Bochum
15,FC Augsburg,34,9,7,18,42,63,,34,,2022/23,-21,0.667,Augsburg
16,VfB Stuttgart,34,7,12,15,45,57,,33,Qualification for the relegation play-offs,2022/23,-12,0.789,Stuttgart
17,Schalke 04,34,7,10,17,35,71,,31,Relegation to 2. Bundesliga,2022/23,-36,0.493,Gelsenkirchen
18,Hertha BSC,34,7,8,19,42,69,,29,Relegation to 2. Bundesliga,2022/23,-27,0.609,Berlin
1,Bayer Leverkusen,34,28,6,0,89,24,,90,Qualification for the Champions League league phase[a],2023/24,65,3.708,Leverkusen
2,VfB Stuttgart,34,23,4,7,78,39,,73,Qualification for the Champions League league phase[a],2023/24,39,2.0,Stuttgart
3,Bayern Munich,34,23,3,8,94,45,,72,Qualification for the Champions League league phase[a],2023/24,49,2.089,München
4,RB Leipzig,34,19,8,7,77,39,,65,Qualification for the Champions League league phase[a],2023/24,38,1.974,Leipzig
5,Borussia Dortmund,34,18,9,7,68,43,,63,Qualification for the Champions League league phase[a],2023/24,25,1.581,Dortmund
6,Eintracht Frankfurt,34,11,14,9,51,50,,47,Qualification for the Europa League league phase[b],2023/24,1,1.02,Frankfurt
7,TSG Hoffenheim,34,13,7,14,66,66,,46,Qualification for the Europa League league phase[b],2023/24,0,1.0,Sinsheim
8,1. FC Heidenheim,34,10,12,12,50,55,,42,Qualification for the Conference League play-off round[b],2023/24,-5,0.909,Heidenheim an der Brenz
9,Werder Bremen,34,11,9,14,48,54,,42,,2023/24,-6,0.889,Bremen
10,SC Freiburg,34,11,9,14,45,58,,42,,2023/24,-13,0.776,Freiburg im Breisgau
11,FC Augsburg,34,10,9,15,50,60,,39,,2023/24,-10,0.833,Augsburg
12,VfL Wolfsburg,34,10,7,17,41,56,,37,,2023/24,-15,0.732,Wolfsburg
13,Mainz 05,34,7,14,13,39,51,,35,,2023/24,-12,0.765,Mainz
14,Borussia Mönchengladbach,34,7,13,14,56,67,,34,,2023/24,-11,0.836,Mönchengladbach
15,Union Berlin,34,9,6,19,33,58,,33,,2023/24,-25,0.569,Berlin
16,VfL Bochum,34,7,12,15,42,74,,33,Qualification for the relegation play-offs,2023/24,-32,0.568,Bochum
17,1. FC Köln,34,5,12,17,28,60,,27,Relegation to 2. Bundesliga,2023/24,-32,0.467,Köln
18,Darmstadt 98,34,3,8,23,30,86,,17,Relegation to 2. Bundesliga,2023/24,-56,0.349,Darmstadt
1,Bayern Munich,34,25,7,2,99,32,,82,Qualification for the Champions League league phase,2024/25,67,3.094,München
2,Bayer Leverkusen,34,19,12,3,72,43,,69,Qualification for the Champions League league phase,2024/25,29,1.674,Leverkusen
3,Eintracht Frankfurt,34,17,9,8,68,46,,60,Qualification for the Champions League league phase,2024/25,22,1.478,Frankfurt
4,Borussia Dortmund,34,17,6,11,71,51,,57,Qualification for the Champions League league phase,2024/25,20,1.392,Dortmund
5,SC Freiburg,34,16,7,11,49,53,,55,Qualification for the Europa League league phase,2024/25,-4,0.925,Freiburg im Breisgau
6,Mainz 05,34,14,10,10,55,43,,52,Qualification for the Conference League play-off round,2024/25,12,1.279,Mainz
7,RB Leipzig,34,13,12,9,53,48,,51,,2024/25,5,1.104,Leipzig
8,Werder Bremen,34,14,9,11,54,57,,51,,2024/25,-3,0.947,Bremen
9,VfB Stuttgart,34,14,8,12,64,53,,50,Qualification for the Europa League league phase[a],2024/25,11,1.208,Stuttgart
10,Borussia Mönchengladbach,34,13,6,15,55,57,,45,,2024/25,-2,0.965,Mönchengladbach
11,VfL Wolfsburg,34,11,10,13,56,54,,43,,2024/25,2,1.037,Wolfsburg
12,FC Augsburg,34,11,10,13,35,51,,43,,2024/25,-16,0.686,Augsburg
13,Union Berlin,34,10,10,14,35,51,,40,,2024/25,-16,0.686,Berlin
14,FC St. Pauli,34,8,8,18,28,41,,32,,2024/25,-13,0.683,Hamburg
15,TSG Hoffenheim,34,7,11,16,46,68,,32,,2024/25,-22,0.676,Sinsheim
16,1. FC Heidenheim,34,8,5,21,37,64,,29,Qualification for the relegation play-offs,2024/25,-27,0.578,Heidenheim an der Brenz
17,Holstein Kiel,34,6,7,21,49,80,,25,Relegation to 2. Bundesliga,2024/25,-31,0.612,Kiel
18,VfL Bochum,34,6,7,21,33,67,,25,Relegation to 2. Bundesliga,2024/25,-34,0.493,Bochum
